Workbook

Sheet global_comparison
A1: Location description | B1: location | C1: subgroup | D1: area_km2 | E1: co2_cons_mol_yr | F1: co2_cons_mol_km2_yr | G1: tds_ppm | H1: annual_discharge_km3_yr | I1: runoff_mm_yr | J1: tds_mg_l | K1: tss_mg_l | L1: Na_mM | M1: K_mM | N1: Ca_mM | O1: Mg_mM | P1: Cl_mM | Q1: SO4_mM | R1: HCO3_mM | S1: SiO2_mM | T1: Sr_mM | U1: Sr_ratio | V1: Paper
A2: Irrawady | C2: major | D2: 410000 | E2: =VLOOKUP($A2,Sheet2!$A$28:$M$79,6,FALSE) -> 832000000000 | F2: =E2/D2 -> 2029268.3 | H2: 486 | I2: 1185 | J2: 201 | K2: 535 | L2: 1304 | M2: 51 | N2: 250 | O2: 247 | P2: 514 | Q2: 52 | R2: 1967 | S2: 167 | V2: Gaillardet et al 1999
A3: Purari | C3: major | D3: 30600 | E3: =VLOOKUP($A3,Sheet2!$A$28:$M$79,6,FALSE) -> 37000000000 | F3: =E3/D3 -> 1209150.3 | H3: 84.13 | I3: 2749 | J3: 126 | K3: 951 | L3: 139 | M3: 26 | N3: 515 | O3: 107 | P3: 34 | Q3: 25 | R3: 1328 | S3: 230 | V3: Gaillardet et al 1999
A4: Narmada | C4: major | D4: 102000 | E4: =VLOOKUP($A4,Sheet2!$A$28:$M$79,6,FALSE) -> 95000000000 | F4: =E4/D4 -> 931372.55 | H4: 39 | I4: 382 | J4: 285 | K4: 3071 | L4: 1522 | N4: 625 | O4: 790 | P4: 486 | Q4: 52 | R4: 2869 | S4: 150 | V4: Gaillardet et al 1999
A5: Sepik | C5: major | D5: 78700 | E5: =VLOOKUP($A5,Sheet2!$A$28:$M$79,6,FALSE) -> 72000000000 | F5: =E5/D5 -> 914866.58 | H5: 120 | I5: 1525 | J5: 114 | K5: 68 | L5: 152 | M5: 10 | N5: 388 | O5: 165 | P5: 14 | Q5: 47 | R5: 1205 | S5: 208 | V5: Gaillardet et al 1999
A6: Rhone | C6: major | D6: 95600 | E6: =VLOOKUP($A6,Sheet2!$A$28:$M$79,6,FALSE) -> 4700000000 | F6: =E6/D6 -> 49163.18 | H6: 54 | I6: 565 | J6: 339 | K6: 500 | L6: 491 | M6: 54 | N6: 1770 | O6: 267 | P6: 640 | Q6: 479 | R6: 2885 | S6: 67 | T6: 5.94 | U6: 0.7087 | V6: Gaillardet et al 1999
A7: Cauveri | C7: major | D7: 88000 | E7: =VLOOKUP($A7,Sheet2!$A$28:$M$79,6,FALSE) -> 56000000000 | F7: =E7/D7 -> 636363.64 | H7: 21 | I7: 239 | J7: 396 | L7: 2609 | M7: 141 | N7: 700 | O7: 988 | P7: 1429 | Q7: 333 | R7: 2902 | S7: 317 | T7: 3.62 | U7: 0.713 | V7: Gaillardet et al 1999
A8: Ganges | C8: major | D8: 1050000 | E8: =VLOOKUP($A8,Sheet2!$A$28:$M$79,6,FALSE) -> 471000000000 | F8: =E8/D8 -> 448571.43 | H8: 493 | I8: 470 | J8: 182 | K8: 1100 | L8: 417 | M8: 67 | N8: 580 | O8: 267 | P8: 143 | Q8: 83 | R8: 1951 | S8: 128 | T8: 1.02 | U8: 0.7249 | V8: Gaillardet et al 1999
A9: Wisla | C9: major | D9: 198000 | H9: 32.5 | I9: 164 | J9: 583 | K9: 79 | L9: 2696 | M9: 126 | N9: 2250 | O9: 535 | P9: 4200 | Q9: 792 | R9: 3115 | T9: 7.94 | U9: 0.7094 | V9: Gaillardet et al 1999
A10: Rhine | C10: major | D10: 224000 | E10: =VLOOKUP($A10,Sheet2!$A$28:$M$79,6,FALSE) -> 14000000000 | F10: =E10/D10 -> 62500 | H10: 69.4 | I10: 310 | J10: 600 | L10: 3957 | M10: 164 | N10: 2013 | O10: 469 | P10: 4943 | Q10: 771 | R10: 2590 | S10: 87 | T10: 6.23 | U10: 0.7092 | V10: Gaillardet et al 1999
A11: Brahmaputra | C11: major | D11: 580000 | E11: =VLOOKUP($A11,Sheet2!$A$28:$M$79,6,FALSE) -> 87000000000 | F11: =E11/D11 -> 150000 | H11: 510 | I11: 879 | J11: 101 | K11: 1060 | L11: 91 | M11: 100 | N11: 350 | O11: 156 | P11: 31 | Q11: 104 | R11: 951 | S11: 130 | T11: 0.67 | U11: 0.7197 | V11: Gaillardet et al 1999
A12: Magdalena | C12: major | D12: 235000 | E12: =VLOOKUP($A12,Sheet2!$A$28:$M$79,6,FALSE) -> 15000000000 | F12: =E12/D12 -> 63829.787 | H12: 237 | I12: 1009 | J12: 118 | K12: 928 | L12: 361 | M12: 49 | N12: 375 | O12: 136 | P12: 383 | Q12: 150 | R12: 808 | S12: 210 | V12: Gaillardet et al 1999
A13: Danube | C13: major | D13: 817000 | H13: 207 | I13: 253 | J13: 428 | K13: 313 | L13: 739 | M13: 51 | N13: 1473 | O13: 1117 | P13: 1509 | Q13: 660 | R13: 3328 | S13: 69 | T13: 2.76 | U13: 0.7089 | V13: Gaillardet et al 1999
A14: Xijiang | C14: major | D14: 437000 | E14: =VLOOKUP($A14,Sheet2!$A$28:$M$79,6,FALSE) -> 24000000000 | F14: =E14/D14 -> 54919.908 | H14: 363 | I14: 831 | J14: 161 | K14: 190 | L14: 117 | M14: 31 | N14: 810 | O14: 198 | P14: 91 | Q14: 85 | R14: 1639 | S14: 142 | T14: 1.27 | U14: 0.71068 | V14: Gaillardet et al 1999
A15: Weser | C15: major | D15: 46000 | H15: 10.6 | I15: 230 | J15: 2463 | K15: 31 | L15: 24 957 | M15: 1077 | N15: 1400 | O15: 6214 | P15: 35 229 | Q15: 2448 | R15: 2754 | S15: 67 | T15: 8.23 | U15: 0.7089 | V15: Gaillardet et al 1999
A16: Kikori | C16: major | D16: 13200 | E16: =VLOOKUP($A16,Sheet2!$A$28:$M$79,6,FALSE) -> 2500000000 | F16: =E16/D16 -> 189393.94 | H16: 40.06 | I16: 3035 | J16: 177 | L16: 57 | M16: 5 | N16: 933 | O16: 165 | P16: 9 | Q16: 11 | R16: 2049 | S16: 133 | V16: Gaillardet et al 1999
A17: Uruguay | C17: major | D17: 240000 | E17: =VLOOKUP($A17,Sheet2!$A$28:$M$79,6,FALSE) -> 38900000000 | F17: =E17/D17 -> 162083.33 | H17: 145 | I17: 604 | J17: 60 | K17: 76 | L17: 123 | M17: 35 | N17: 148 | O17: 99 | P17: 57 | Q17: 52 | R17: 426 | S17: 250 | V17: Gaillardet et al 1999
A18: Krishna | C18: major | D18: 259000 | E18: =VLOOKUP($A18,Sheet2!$A$28:$M$79,6,FALSE) -> 41000000000 | F18: =E18/D18 -> 158301.16 | H18: 30 | I18: 116 | J18: 317 | K18: 2130 | L18: 1848 | M18: 77 | N18: 688 | O18: 556 | P18: 1057 | Q18: 656 | R18: 2049 | S18: 83 | V18: Gaillardet et al 1999
A19: N. Dvina | C19: major | D19: 348000 | E19: =VLOOKUP($A19,Sheet2!$A$28:$M$79,6,FALSE) -> 9000000000 | F19: =E19/D19 -> 25862.069 | H19: 110 | I19: 316 | J19: 173 | K19: 43 | L19: 217 | M19: 26 | N19: 750 | O19: 296 | P19: 154 | Q19: 403 | R19: 1361 | S19: 38 | V19: Gaillardet et al 1999
A20: Kuskokwin | C20: major | D20: 123000 | E20: =VLOOKUP($A20,Sheet2!$A$28:$M$79,6,FALSE) -> 12300000000 | F20: =E20/D20 -> 100000 | H20: 59.9 | I20: 487 | J20: 145 | K20: 116 | L20: 96 | M20: 20 | N20: 605 | O20: 226 | P20: 19 | Q20: 147 | R20: 1469 | S20: 127 | T20: 1.06 | U20: 0.709 | V20: Gaillardet et al 1999
A21: Limpopo | C21: major | D21: 440000 | E21: =VLOOKUP($A21,Sheet2!$A$28:$M$79,6,FALSE) -> 42400000000 | F21: =E21/D21 -> 96363.636 | H21: 26 | I21: 59 | J21: 238 | K21: 1269 | L21: 896 | M21: 118 | N21: 483 | O21: 506 | P21: 406 | Q21: 54 | R21: 2361 | S21: 295 | V21: Gaillardet et al 1999
A22: Ob | C22: major | D22: 2990000 | E22: =VLOOKUP($A22,Sheet2!$A$28:$M$79,6,FALSE) -> 57000000000 | F22: =E22/D22 -> 19063.545 | H22: 404 | I22: 135 | J22: 126 | K22: 40 | L22: 230 | M22: 26 | N22: 465 | O22: 210 | P22: 186 | Q22: 89 | R22: 1279 | S22: 43 | V22: Gaillardet et al 1999
A23: Salween | C23: major | D23: 325000 | H23: 211 | I23: 649 | J23: 306 | L23: 435 | M23: 26 | N23: 1150 | O23: 658 | P23: 571 | Q23: 10 | R23: 3475 | V23: Gaillardet et al 1999
A24: Don | C24: major | D24: 420000 | E24: =VLOOKUP($A24,Sheet2!$A$28:$M$79,6,FALSE) -> 48000000000 | F24: =E24/D24 -> 114285.71 | H24: 28.9 | I24: 69 | J24: 829 | K24: 80 | L24: 6348 | M24: 26 | N24: 2073 | O24: 1481 | P24: 4200 | Q24: 2240 | R24: 3295 | S24: 5 | V24: Gaillardet et al 1999
A25: Parana | C25: major | D25: 2780000 | E25: =VLOOKUP($A25,Sheet2!$A$28:$M$79,6,FALSE) -> 263000000000 | F25: =E25/D25 -> 94604.317 | H25: 568 | I25: 204 | J25: 86 | K25: 139 | L25: 231 | M25: 94 | N25: 173 | O25: 86 | P25: 185 | Q25: 21 | R25: 690 | S25: 285 | T25: 0.52 | U25: 0.7139 | V25: Gaillardet et al 1999
A26: Columbia | C26: major | D26: 669000 | E26: =VLOOKUP($A26,Sheet2!$A$28:$M$79,6,FALSE) -> 61000000000 | F26: =E26/D26 -> 91180.867 | H26: 236 | I26: 353 | J26: 115 | K26: 64 | L26: 217 | M26: 28 | N26: 450 | O26: 206 | P26: 86 | Q26: 115 | R26: 1033 | S26: 150 | T26: 0.98 | U26: 0.7121 | V26: Gaillardet et al 1999
A27: Mississippi | C27: major | D27: 2980000 | E27: =VLOOKUP($A27,Sheet2!$A$28:$M$79,6,FALSE) -> 199000000000 | F27: =E27/D27 -> 66778.523 | H27: 580 | I27: 195 | J27: 216 | K27: 862 | L27: 478 | M27: 72 | N27: 850 | O27: 366 | P27: 294 | Q27: 266 | R27: 1902 | S27: 127 | T27: 1.71 | U27: 0.7102 | V27: Gaillardet et al 1999
A28: Huanghe | C28: major | D28: 752000 | E28: =VLOOKUP($A28,Sheet2!$A$28:$M$79,6,FALSE) -> 62000000000 | F28: =E28/D28 -> 82446.809 | H28: 41 | I28: 55 | J28: 460 | K28: 26 900 | L28: 2370 | M28: 105 | N28: 1175 | O28: 848 | P28: 1563 | Q28: 696 | R28: 3361 | S28: 128 | T28: 13 | U28: 0.71111 | V28: Gaillardet et al 1999
A29: Changjiang | C29: major | D29: 1810000 | E29: =VLOOKUP($A29,Sheet2!$A$28:$M$79,6,FALSE) -> 107000000000 | F29: =E29/D29 -> 59116.022 | H29: 928 | I29: 513 | J29: 221 | K29: 520 | L29: 222 | M29: 36 | N29: 973 | O29: 292 | P29: 151 | Q29: 164 | R29: 2311 | S29: 108 | T29: 2.42 | U29: 0.71071 | V29: Gaillardet et al 1999
A30: Orinoco | C30: major | D30: 1100000 | E30: =VLOOKUP($A30,Sheet2!$A$28:$M$79,6,FALSE) -> 76000000000 | F30: =E30/D30 -> 69090.909 | H30: 1135 | I30: 1032 | J30: 25 | K30: 132 | L30: 64 | M30: 17 | N30: 65 | O30: 27 | P30: 25 | Q30: 24 | R30: 164 | S30: 105 | T30: 0.21 | U30: 0.7183 | V30: Gaillardet et al 1999
A31: Nelson | C31: major | D31: 1130000 | E31: =VLOOKUP($A31,Sheet2!$A$28:$M$79,6,FALSE) -> 43000000000 | F31: =E31/D31 -> 38053.097 | H31: 89.3 | I31: 79 | J31: 236 | L31: 696 | M31: 59 | N31: 823 | O31: 457 | P31: 486 | Q31: 271 | R31: 2115 | S31: 23 | T31: 0.86 | U31: 0.7146 | V31: Gaillardet et al 1999
A32: Amazon | C32: major | D32: 6110000 | E32: =VLOOKUP($A32,Sheet2!$A$28:$M$79,6,FALSE) -> 320000000000 | F32: =E32/D32 -> 52373.159 | H32: 6590 | I32: 1078 | J32: 44 | K32: 182 | L32: 80 | M32: 21 | N32: 135 | O32: 37 | P32: 61 | Q32: 47 | R32: 344 | S32: 115 | T32: 0.19 | U32: 0.71148 | V32: Gaillardet et al 1999
A33: Mackenzie | C33: major | D33: 1790000 | E33: =VLOOKUP($A33,Sheet2!$A$28:$M$79,6,FALSE) -> 61000000000 | F33: =E33/D33 -> 34078.212 | H33: 308 | I33: 172 | J33: 209 | K33: 134 | L33: 330 | M33: 26 | N33: 890 | O33: 337 | P33: 226 | Q33: 369 | R33: 1803 | S33: 50 | T33: 2 | U33: 0.711 | V33: Gaillardet et al 1999
A34: Indus | C34: major | D34: 916000 | E34: =VLOOKUP($A34,Sheet2!$A$28:$M$79,6,FALSE) -> 54000000000 | F34: =E34/D34 -> 58951.965 | H34: 90 | I34: 98 | J34: 302 | K34: 2778 | L34: 1370 | M34: 112 | N34: 958 | O34: 374 | P34: 931 | Q34: 436 | R34: 2130 | S34: 233 | T34: 3.69 | U34: 0.711 | V34: Gaillardet et al 1999
A35: Kolima | C35: major | D35: 660000 | E35: =VLOOKUP($A35,Sheet2!$A$28:$M$79,6,FALSE) -> 29000000000 | F35: =E35/D35 -> 43939.394 | H35: 132 | I35: 200 | J35: 74 | K35: 126 | L35: 122 | M35: 46 | N35: 270 | O35: 99 | P35: 80 | Q35: 147 | R35: 570 | S35: 67 | V35: Gaillardet et al 1999
A36: Fraser | C36: major | D36: 220000 | E36: =VLOOKUP($A36,Sheet2!$A$28:$M$79,6,FALSE) -> 9400000000 | F36: =E36/D36 -> 42727.273 | H36: 112 | I36: 509 | J36: 92 | K36: 175 | L36: 126 | M36: 18 | N36: 443 | O36: 148 | P36: 69 | Q36: 85 | R36: 841 | S36: 91 | T36: 0.795 | U36: 0.7112 | V36: Gaillardet et al 1999
A37: Khatanga | C37: major | D37: 364000 | E37: =VLOOKUP($A37,Sheet2!$A$28:$M$79,6,FALSE) -> 15400000000 | F37: =E37/D37 -> 42307.692 | H37: 85.3 | I37: 234 | J37: 96 | K37: 17 | L37: 422 | M37: 26 | N37: 313 | O37: 148 | P37: 357 | Q37: 58 | R37: 785 | S37: 53 | V37: Gaillardet et al 1999
A38: Shatt el arab | C38: major | D38: 541000 | E38: =VLOOKUP($A38,Sheet2!$A$28:$M$79,6,FALSE) -> 37000000000 | F38: =E38/D38 -> 68391.867 | H38: 45.8 | I38: 85 | J38: 400 | K38: 2295 | L38: 1348 | M38: 77 | N38: 1300 | O38: 905 | P38: 914 | Q38: 760 | R38: 2951 | S38: 115 | V38: Gaillardet et al 1999
A39: Niger | C39: major | D39: 1200000 | E39: =VLOOKUP($A39,Sheet2!$A$28:$M$79,6,FALSE) -> 35500000000 | F39: =E39/D39 -> 29583.333 | H39: 154.1 | I39: 128 | J39: 59 | K39: 260 | L39: 78 | M39: 28 | N39: 138 | O39: 78 | P39: 26 | Q39: 5 | R39: 549 | S39: 233 | T39: 0.25 | U39: 0.714 | V39: Gaillardet et al 1999
A40: Murray Darling | C40: major | D40: 1060000 | E40: =VLOOKUP($A40,Sheet2!$A$28:$M$79,6,FALSE) -> 25000000000 | F40: =E40/D40 -> 23584.906 | H40: 23.6 | I40: 22 | J40: 453 | K40: 1271 | L40: 4391 | M40: 154 | N40: 525 | O40: 700 | P40: 4886 | Q40: 396 | R40: 1541 | S40: 83 | U40: 0.7138 | V40: Gaillardet et al 1999
A41: Yenisei | C41: major | D41: 2590000 | E41: =VLOOKUP($A41,Sheet2!$A$28:$M$79,6,FALSE) -> 169000000000 | F41: =E41/D41 -> 65250.965 | H41: 620 | I41: 239 | J41: 112 | K41: 23 | L41: 226 | M41: 26 | N41: 413 | O41: 152 | P41: 271 | Q41: 104 | R41: 939 | S41: 138 | V41: Gaillardet et al 1999
A42: St. Lawrence | C42: major | D42: 1020000 | E42: =VLOOKUP($A42,Sheet2!$A$28:$M$79,6,FALSE) -> 28000000000 | F42: =E42/D42 -> 27450.98 | H42: 337 | I42: 330 | J42: 168 | K42: 12 | L42: 239 | M42: 35 | N42: 750 | O42: 247 | P42: 214 | Q42: 146 | R42: 1656 | S42: 40 | T42: 1.4 | U42: 0.70963 | V42: Gaillardet et al 1999
A43: Lena | C43: major | D43: 2490000 | E43: =VLOOKUP($A43,Sheet2!$A$28:$M$79,6,FALSE) -> 86000000000 | F43: =E43/D43 -> 34538.153 | H43: 525 | I43: 211 | J43: 112 | K43: 30 | L43: 196 | M43: 18 | N43: 428 | O43: 210 | P43: 343 | Q43: 142 | R43: 870 | S43: 97 | V43: Gaillardet et al 1999
A44: Nile | C44: major | D44: 2870000 | E44: =VLOOKUP($A44,Sheet2!$A$28:$M$79,6,FALSE) -> 64000000000 | F44: =E44/D44 -> 22299.652 | H44: 83 | I44: 10 | J44: 388 | K44: 1400 | L44: 2261 | M44: 200 | N44: 775 | O44: 576 | P44: 1257 | Q44: 542 | R44: 2852 | S44: 213 | V44: Gaillardet et al 1999
A45: Pechora | C45: major | D45: 324000 | E45: =VLOOKUP($A45,Sheet2!$A$28:$M$79,6,FALSE) -> 5800000000 | F45: =E45/D45 -> 17901.235 | H45: 131 | I45: 404 | J45: 70 | K45: 50 | L45: 130 | M45: 26 | N45: 260 | O45: 115 | P45: 117 | Q45: 83 | R45: 638 | S45: 27 | V45: Gaillardet et al 1999
A46: Yukon | C46: major | D46: 849000 | E46: =VLOOKUP($A46,Sheet2!$A$28:$M$79,6,FALSE) -> 29000000000 | F46: =E46/D46 -> 34157.833 | H46: 200 | I46: 236 | J46: 183 | K46: 286 | L46: 113 | M46: 31 | N46: 795 | O46: 295 | P46: 31 | Q46: 233 | R46: 1787 | S46: 128 | T46: 1.59 | U46: 0.7137 | V46: Gaillardet et al 1999
A47: Mekong | C47: major | D47: 795000 | E47: =VLOOKUP($A47,Sheet2!$A$28:$M$79,6,FALSE) -> 194000000000 | F47: =E47/D47 -> 244025.16 | H47: 467 | I47: 587 | J47: 263 | K47: 321 | L47: 663 | M47: 48 | N47: 1001 | O47: 367 | P47: 448 | Q47: 343 | R47: 2305 | S47: 167 | T47: 3.39 | U47: 0.7102 | V47: Gaillardet et al 1999
A48: Godavari | C48: major | D48: 313000 | H48: 105 | I48: 335 | J48: 193 | K48: 1619 | L48: 352 | M48: 56 | N48: 755 | O48: 99 | P48: 403 | Q48: 104 | R48: 1721 | S48: 352 | V48: Gaillardet et al 1999
A49: Seine | C49: major | D49: 78600 | E49: =VLOOKUP($A49,Sheet2!$A$28:$M$79,6,FALSE) -> 1000000000 | F49: =E49/D49 -> 12722.646 | H49: 12.9 | I49: 164 | J49: 493 | K49: 44 | L49: 922 | M49: 126 | N49: 2625 | O49: 379 | P49: 1100 | Q49: 580 | R49: 4131 | S49: 106 | T49: 3.84 | U49: 0.70824 | V49: Gaillardet et al 1999
A50: Amur | C50: major | D50: 1860000 | E50: =VLOOKUP($A50,Sheet2!$A$28:$M$79,6,FALSE) -> 33000000000 | F50: =E50/D50 -> 17741.935 | H50: 344 | I50: 185 | J50: 55 | K50: 72 | L50: 126 | M50: 26 | N50: 223 | O50: 95 | P50: 66 | Q50: 65 | R50: 477 | S50: 36 | V50: Gaillardet et al 1999
A51: Congo–Zaire | C51: major | D51: 3700000 | E51: =VLOOKUP($A51,Sheet2!$A$28:$M$79,6,FALSE) -> 201000000000 | F51: =E51/D51 -> 54324.324 | H51: 1200 | I51: 324 | J51: 35 | K51: 32 | L51: 96 | M51: 43 | N51: 56 | O51: 59 | P51: 37 | Q51: 15 | R51: 258 | S51: 157 | T51: 0.15 | U51: 0.71918 | V51: Gaillardet et al 1999
A52: Zambese | C52: major | D52: 1330000 | E52: =VLOOKUP($A52,Sheet2!$A$28:$M$79,6,FALSE) -> 9200000000 | F52: =E52/D52 -> 6917.2932 | H52: 103 | I52: 77 | J52: 80 | K52: 194 | L52: 235 | M52: 49 | N52: 265 | O52: 169 | P52: 186 | Q52: 31 | R52: 525 | S52: 280 | V52: Gaillardet et al 1999
A53: Hong He | C53: major | D53: 120000 | E53: =VLOOKUP($A53,Sheet2!$A$28:$M$79,6,FALSE) -> 82000000000 | F53: =E53/D53 -> 683333.33 | H53: 123 | I53: 1025 | J53: 147 | K53: 1057 | L53: 483 | M53: 38 | N53: 388 | O53: 333 | P53: 237 | Q53: 119 | R53: 1328 | S53: 167 | T53: 1.55 | U53: 0.7114 | V53: Gaillardet et al 1999
A54: Po | C54: major | D54: 70000 | E54: =VLOOKUP($A54,Sheet2!$A$28:$M$79,6,FALSE) -> 16000000000 | F54: =E54/D54 -> 228571.43 | H54: 46.7 | I54: 667 | J54: 354 | K54: 330 | L54: 730 | M54: 77 | N54: 1553 | O54: 490 | P54: 517 | Q54: 626 | R54: 2918 | S54: 67 | V54: Gaillardet et al 1999
A55: Fly | C55: major | D55: 61000 | E55: =VLOOKUP($A55,Sheet2!$A$28:$M$79,6,FALSE) -> 49000000000 | F55: =E55/D55 -> 803278.69 | H55: 141 | I55: 2311 | J55: 116 | K55: 816 | L55: 101 | M55: 11 | N55: 533 | O55: 72 | P55: 3 | Q55: 28 | R55: 1284 | S55: 150 | V55: Gaillardet et al 1999
A56: Elbe | C56: major | D56: 148000 | H56: 22.8 | I56: 154 | J56: 698 | K56: 37 | L56: 3717 | M56: 669 | N56: 2675 | O56: 663 | P56: 4971 | Q56: 1594 | R56: 2164 | S56: 67 | T56: 6.53 | U56: 0.7097 | V56: Gaillardet et al 1999
A57: Tocantins | C57: major | D57: 757000 | E57: =VLOOKUP($A57,Sheet2!$A$28:$M$79,6,FALSE) -> 87000000000 | F57: =E57/D57 -> 114927.34 | H57: 372 | I57: 491 | J57: 42 | K57: 202 | L57: 82 | M57: 35 | N57: 54 | O57: 75 | P57: 35 | Q57: 27 | R57: 316 | S57: 193 | T57: 0.38 | U57: 0.72067 | V57: Gaillardet et al 1999
A58: Dnepr | C58: major | D58: 504000 | E58: =VLOOKUP($A58,Sheet2!$A$28:$M$79,6,FALSE) -> 21000000000 | F58: =E58/D58 -> 41666.667 | H58: 54 | I58: 103 | J58: 274 | K58: 40 | L58: 609 | M58: 26 | N58: 1105 | O58: 424 | P58: 489 | Q58: 326 | R58: 2502 | S58: 57 | V58: Gaillardet et al 1999
A59: Panuco | C59: major | D59: 66300 | H59: 17.3 | I59: 261 | J59: 601 | L59: 1322 | M59: 103 | N59: 2750 | O59: 1202 | P59: 711 | Q59: 2333 | R59: 2918 | V59: Gaillardet et al 1999
A60: Mahanadi | C60: major | D60: 132000 | H60: 66 | I60: 500 | J60: 147 | K60: 909 | L60: 443 | M60: 38 | N60: 260 | O60: 391 | P60: 883 | Q60: 156 | R60: 998 | S60: 150 | V60: Gaillardet et al 1999
A61: Odra | C61: major | D61: 112000 | H61: 18.3 | I61: 163 | J61: 529 | K61: 7 | L61: 2196 | M61: 544 | N61: 2150 | O61: 535 | P61: 3057 | Q61: 1052 | R61: 2459 | V61: Gaillardet et al 1999
A62: Ebro | C62: major | D62: 84000 | H62: 17.4 | I62: 207 | J62: 517 | K62: 86 | L62: 3283 | M62: 51 | N62: 1875 | O62: 646 | P62: 2071 | Q62: 1391 | R62: 2159 | S62: 177 | V62: Gaillardet et al 1999
A63: Nemanus | C63: major | D63: 98200 | H63: 19.6 | I63: 200 | J63: 447 | K63: 34 | L63: 687 | M63: 26 | N63: 1735 | O63: 926 | P63: 791 | Q63: 626 | R63: 4075 | S63: 34 | V63: Gaillardet et al 1999
A64: Zambales and Angat | B64: Philippines | C64: ultramafic | D64: 930 | E64: 5570000000 | F64: 5990000 | H64: =I64*D64 -> 2361270 | I64: 2539 | V64: Schopka et al 2011
A65: Volcanic, all | B65: Philippines | C65: volcanic | D65: 5618 | E65: 22590000000 | F65: 3580000 | H65: =I65*D65 -> 11831508 | I65: 2106 | V65: Schopka et al 2011
A66: Monte del Estado | B66: Puerto Rico | C66: ultramafic | D66: 47 | F66: =70*22721.57 -> 1590509.9 | H66: =I66*D66 -> 48880 | I66: =104*10 -> 1040 | V66: Moore et al 2024 | W66: converted from 70 tons CO2 km-2 yr-1 | X66: specific discharge is the average of specific discharges in the supplement (104 cm/yr)
A67: Ultramafics | B67: All | C67: total | D67: 945000 | E67: =33000000*22721.57 -> 749811810000 | F67: =E67/D67 -> 793451.65 | V67: Moore et al 2024 | W67: converted from 33 Mt CO2 yr-1
A68: Geneva River (ds) | B68: Dominica | C68: basalt | D68: 21 | E68: =D68*F68 -> 21420000 | F68: 1020000 | H68: =I68*D68 -> 34692 | I68: 1652 | V68: Goldsmith et al 2010
A69: Rosalie River | B69: Dominica | C69: basalt | D69: 31 | E69: =D69*F69 -> 47120000 | F69: 1520000 | H69: =I69*D69 -> 91450 | I69: 2950 | V69: Goldsmith et al 2010
A70: La Ronde River | B70: Dominica | C70: basalt | D70: 3 | E70: =D70*F70 -> 1719000 | F70: 573000 | H70: =I70*D70 -> 4731 | I70: 1577 | V70: Goldsmith et al 2010
A71: Mahaut River | B71: Dominica | C71: basalt | D71: 0.8 | E71: =D71*F71 -> 152000 | F71: 190000 | H71: =I71*D71 -> 452 | I71: 565 | V71: Goldsmith et al 2010
A72: Layou | B72: Dominica | C72: basalt | D72: 70 | E72: =D72*F72 -> 110600000 | F72: 1580000 | H72: =I72*D72 -> 175770 | I72: 2511 | V72: Goldsmith et al 2010
A73: St. Joseph's River | B73: Dominica | C73: basalt | D73: 3.4 | E73: =D73*F73 -> 2363000 | F73: 695000 | H73: =I73*D73 -> 632.4 | I73: 186 | V73: Goldsmith et al 2010
A74: Bateli River | B74: Dominica | C74: basalt | D74: 12 | E74: =D74*F74 -> 4272000 | F74: 356000 | H74: =I74*D74 -> 10620 | I74: 885 | V74: Goldsmith et al 2010
A75: Dublanc | B75: Dominica | C75: basalt | D75: 6.5 | E75: =D75*F75 -> 5921500 | F75: 911000 | H75: =I75*D75 -> 11459.5 | I75: 1763 | V75: Goldsmith et al 2010
A76: Blenheim River | B76: Dominica | C76: basalt | D76: 18 | E76: =D76*F76 -> 25380000 | F76: 1410000 | H76: =I76*D76 -> 37836 | I76: 2102 | V76: Goldsmith et al 2010
A77: Hampstead River | B77: Dominica | C77: basalt | D77: 20 | E77: =D77*F77 -> 17320000 | F77: 866000 | H77: =I77*D77 -> 63200 | I77: 3160 | V77: Goldsmith et al 2010
A78: Pagua River (ds) | B78: Dominica | C78: basalt | D78: 25 | E78: =D78*F78 -> 13300000 | F78: 532000 | H78: =I78*D78 -> 36800 | I78: 1472 | V78: Goldsmith et al 2010
A79: Waitara (ds) | B79: New Zealand | C79: volcanic | D79: 705 | E79: =D79*F79 -> 600660000 | F79: 852000 | H79: 1.0729364 | I79: =1000000*H79/D79 -> 1521.8956 | V79: Goldsmith et al 2008
A80: Manganui (ds) | B80: New Zealand | C80: volcanic | D80: 200 | E80: =D80*F80 -> 478000000 | F80: 2390000 | H80: 0.60273778 | I80: =1000000*H80/D80 -> 3013.6889 | V80: Goldsmith et al 2008
A81: Manganui (us) | B81: New Zealand | C81: volcanic | D81: 11 | E81: =D81*F81 -> 32230000 | F81: 2930000 | H81: 0.047335428 | I81: =1000000*H81/D81 -> 4303.2207 | V81: Goldsmith et al 2008
A82: Mangamawhete | B82: New Zealand | C82: volcanic | D82: 80 | E82: =D82*F82 -> 17360000 | F82: 217000 | H82: 0.018934171 | I82: =1000000*H82/D82 -> 236.67714 | V82: Goldsmith et al 2008
A83: Waingongoro (us) | B83: New Zealand | C83: volcanic | D83: 47 | E83: =D83*F83 -> 84600000 | F83: 1800000 | H83: 0.088359466 | I83: =1000000*H83/D83 -> 1879.9886 | V83: Goldsmith et al 2008
A84: Waingongoro (ds) | B84: New Zealand | C84: volcanic | D84: 202 | E84: =D84*F84 -> 238360000 | F84: 1180000 | H84: 0.22089866 | I84: =1000000*H84/D84 -> 1093.5577 | V84: Goldsmith et al 2008
A85: Patea (us) | B85: New Zealand | C85: volcanic | D85: 88 | E85: =D85*F85 -> 147840000 | F85: 1680000 | H85: 0.16409615 | I85: =1000000*H85/D85 -> 1864.729 | V85: Goldsmith et al 2008
A86: Waitara (us) | B86: New Zealand | C86: volcanic | D86: 462 | E86: =D86*F86 -> 212520000 | F86: 460000 | H86: 0.73527698 | I86: =1000000*H86/D86 -> 1591.5086 | V86: Goldsmith et al 2008
A87: Kai-Iwi | B87: New Zealand | C87: volcanic | D87: 192 | E87: =D87*F87 -> 24576000 | F87: 128000 | H87: 0.047335428 | I87: =1000000*H87/D87 -> 246.53869 | V87: Goldsmith et al 2008
A88: Whanganui | B88: New Zealand | C88: volcanic | D88: 6643 | E88: =D88*F88 -> 5653193000 | F88: 851000 | H88: 6.7531877 | I88: =1000000*H88/D88 -> 1016.587 | V88: Goldsmith et al 2008
A89: Whangaehu | B89: New Zealand | C89: volcanic | D89: 1917 | E89: =D89*F89 -> 1249884000 | F89: 652000 | H89: 1.2559667 | I89: =1000000*H89/D89 -> 655.17303 | V89: Goldsmith et al 2008
A90: Rangitikei | B90: New Zealand | C90: volcanic | D90: 2684 | E90: =D90*F90 -> 928664000 | F90: 346000 | H90: 1.988088 | I90: =1000000*H90/D90 -> 740.71832 | V90: Goldsmith et al 2008
A91: Otaki | B91: New Zealand | C91: volcanic | D91: 305 | E91: =D91*F91 -> 266875000 | F91: 875000 | H91: 1.0098225 | I91: =1000000*H91/D91 -> 3310.8933 | V91: Goldsmith et al 2008
A92: Guadeloupe (area from Wiki) | B92: Lesser Antilles | C92: basalt | D92: 1628 | E92: =D92*F92 -> 2279200000 | F92: 1400000 | V92: Rad et al 2006
A93: Martinique (area from Wiki) | B93: Lesser Antilles | C93: basalt | D93: 1128 | E93: =D93*F93 -> 1240800000 | F93: 1100000 | V93: Rad et al 2006
A94: Kolar | B94: Deccan Traps | C94: basalt | F94: 1350000 | V94: Dessert et al 2001
A95: Ganjal | B95: Deccan Traps | C95: basalt | F95: 1500000 | V95: Dessert et al 2001
A96: Machak | B96: Deccan Traps | C96: basalt | F96: 2540000 | V96: Dessert et al 2001
A97: Khagni | B97: Deccan Traps | C97: basalt | F97: 1110000 | V97: Dessert et al 2001
A98: Chotatawa | B98: Deccan Traps | C98: basalt | F98: 1470000 | V98: Dessert et al 2001
A99: Tapti | B99: Deccan Traps | C99: basalt | F99: 1320000 | V99: Dessert et al 2001
A100: Purna | B100: Deccan Traps | C100: basalt | F100: 1000000 | V100: Dessert et al 2001
...

Sheet Sheet2
A11: Moore et al 2025 | V11: Goldsmith et al 2010
A12: Watershed | B12: degrees | C12: degrees | D12: yr−1 | E12: °C | F12: cm yr−1 | G12: km2 | H12: degrees | I12: m asl | J12: μg g−1 | K12: μg g−1 | L12: tons km−2 yr−1 | M12: tons km−2 yr−1 | N12: – | O12: – | P12: – | Q12: – | R12: tons km−2 yr−1 | S12: μg cm−3 | V12: River | W12: Area km² | X12: Qwet | Y12: Qdry | Z12: Qann mean m³/s | AA12: Specific Q L/s/km² | AB12: Runoff mm/yr
A13: S1 | B13: 18.1332 | C13: −66.9362 | D13: 208 | E13: 23.7 | F13: 106 | G13: 12.8 | H13: 31 | I13: 517 | J13: 46.9 ± 1.6 | K13: 76.7 ± 1.7 | L13: 49.8 ± 1.7 | M13: 81.4 ± 1.8 | N13: 0.37 ± 0.14 | O13: 0.26 ± 0.17 | P13: 0.58 ± 0.36 | Q13: 0.06 ± 0.06 | R13: 108 ± 12 | S13: 102 ± 12 | V13: Geneva River DS | W13: 21 | X13: 1.3 | Y13: 0.7 | Z13: 1.1 | AA13: 52.4 | AB13: 1652
A14: S3a | B14: 18.0636 | C14: −66.9133 | D14: 127 | E14: 24.6 | F14: 20 | G14: 4.8 | H14: 21 | I14: 189 | J14: 155 ± 5 | K14: 221 ± 5 | L14: 31.5 ± 1.1 | M14: 45.0 ± 1.1 | N14: 0.75 ± 0.01 | O14: 0.84 ± 0.01 | P14: 2.99 ± 0.20 | Q14: 0.92 ± 0.08 | R14: 25 ± 3 | S14: 123 ± 13 | V14: Rosalie River | W14: 31 | X14: 3.4 | Y14: 1.9 | Z14: 2.9 | AA14: 93.5 | AB14: 2950
A15: S4a | B15: 18.057 | C15: −66.9125 | D15: 125 | E15: 24.6 | F15: 19 | G15: 0.3 | H15: 21 | I15: 174 | J15: 156 ± 4 | K15: 236 ± 4 | L15: 29.9 ± 0.8 | M15: 45.1 ± 0.9 | N15: 0.85 ± 0.04 | O15: 0.91 ± 0.03 | P15: 5.53 ± 1.55 | Q15: 1.81 ± 0.49 | R15: 22 ± 3 | S15: 116 ± 13 | V15: La Ronde River | W15: 3 | X15: 0.19 | Y15: 0.07 | Z15: 0.15 | AA15: 50 | AB15: 1577
A16: S5 | B16: 18.1129 | C16: −66.9563 | D16: 165 | E16: 24.4 | F16: 48 | G16: 3.2 | H16: 26 | I16: 368 | J16: 118 ± 4 | K16: 166 ± 4 | L16: 57.1 ± 2.0 | M16: 80.5 ± 2.1 | N16: 0.55 ± 0.08 | O16: 0.66 ± 0.08 | P16: 1.20 ± 0.37 | Q16: 0.39 ± 0.11 | R16: 47 ± 5 | S16: 97 ± 10 | V16: Mahaut River | W16: 0.8 | X16: 0.02 | Y16: 0.003 | Z16: 0.0143 | AA16: 17.9 | AB16: 565
A17: S6 | B17: 18.1174 | C17: −66.9623 | D17: 169 | E17: 24.3 | F17: 53 | G17: 2.2 | H17: 27 | I17: 400 | J17: 95.6 ± 4.5 | K17: 137 ± 5 | L17: 50.3 ± 2.4 | M17: 72.3 ± 2.4 | N17: 0.66 ± 0.01 | O17: 0.76 ± 0.01 | P17: 1.96 ± 0.10 | Q17: 0.70 ± 0.04 | R17: 30 ± 3 | S17: 56 ± 7 | V17: Layou | W17: 70 | X17: 8.21 | Y17: 0.3 | Z17: 5.57 | AA17: 79.6 | AB17: 2511
A18: S7 | B18: 18.1269 | C18: −66.9681 | D18: 193 | E18: 24.1 | F18: 82 | G18: 6.7 | H18: 29 | I18: 464 | J18: 72.9 ± 2.8 | K18: 110 ± 3 | L18: 60.0 ± 2.3 | M18: 90.9 ± 2.4 | N18: 0.34 ± 0.25 | O18: 0.45 ± 0.29 | P18: 0.51 ± 0.57 | Q18: 0.23 ± 0.19 | R18: 49 ± 5 | S18: 60 ± 6 | V18: St. Joseph’s River | W18: 3.4 | X18: 0.03 | Y18: 0.0002 | Z18: 0.0201 | AA18: 5.9 | AB18: 186
A19: S8 | B19: 18.1277 | C19: −66.9815 | D19: 190 | E19: 24.2 | F19: 78 | G19: 4.5 | H19: 29 | I19: 460 | J19: 67.0 ± 1.6 | K19: 103 ± 2 | L19: 52.1 ± 1.2 | M19: 80.0 ± 1.4 | N19: 0.75 ± 0.10 | O19: 0.78 ± 0.13 | P19: 3.03 ± 1.69 | Q19: 1.09 ± 0.59 | R19: 107 ± 11 | S19: 138 ± 15 | V19: Bateli River | W19: 12 | X19: 0.41 | Y19: 0.19 | Z19: 0.337 | AA19: 28.1 | AB19: 885
A20: S11 | B20: 18.1417 | C20: −66.9987 | D20: 221 | E20: 23.7 | F20: 128 | G20: 1.6 | H20: 29 | I20: 546 | J20: 74.0 ± 1.8 | K20: 112 ± 2 | L20: 94.8 ± 2.3 | M20: 143 ± 2 | N20: 0.69 ± 0.01 | O20: 0.79 ± 0.01 | P20: 2.19 ± 0.08 | Q20: 0.80 ± 0.03 | R20: 41 ± 4 | S20: 32 ± 3 | V20: Dublanc | W20: 6.5 | X20: 0.42 | Y20: 0.25 | Z20: 0.363 | AA20: 55.9 | AB20: 1763
A21: S12 | B21: 18.1552 | C21: −67.0199 | D21: 219 | E21: 24.2 | F21: 125 | G21: 4.5 | H21: 26 | I21: 431 | J21: 62.2 ± 1.9 | K21: 98.7 ± 2.1 | L21: 77.6 ± 2.4 | M21: 123 ± 3 | N21: 0.76 ± 0.02 | O21: 0.88 ± 0.01 | P21: 3.08 ± 0.25 | Q21: 1.15 ± 0.08 | R21: 69 ± 6 | S21: 55 ± 5 | V21: Blenheim River | W21: 18 | X21: 1.6 | Y21: 0.4 | Z21: 1.2 | AA21: 66.7 | AB21: 2102
A22: S13 | B22: 18.1678 | C22: −67.0357 | D22: 213 | E22: 24.4 | F22: 114 | G22: 3.4 | H22: 28 | I22: 302 | J22: 63.1 ± 2.9 | K22: 98.7 ± 3.0 | L22: 72.3 ± 3.3 | M22: 113 ± 3 | N22: 0.67 ± 0.04 | O22: 0.77 ± 0.04 | P22: 2.06 ± 0.40 | Q22: 0.70 ± 0.12 | R22: 109 ± 11 | S22: 95 ± 10 | V22: Hampstead River | W22: 20 | X22: 3 | Y22: ~0.013 | Z22: 2 | AA22: 100.2 | AB22: 3160
A23: S14 | B23: 18.1658 | C23: −67.0027 | D23: 240 | E23: 23.6 | F23: 169 | G23: 3 | H23: 31 | I23: 528 | J23: 52.0 ± 1.2 | K23: 82.9 ± 1.4 | L23: 87.7 ± 2.1 | M23: 140 ± 2 | N23: 0.88 ± 0.02 | O23: 0.94 ± 0.01 | P23: 7.49 ± 1.16 | Q23: 2.54 ± 0.37 | R23: 53 ± 5 | S23: 31 ± 3 | V23: Pagua River DS | W23: 25 | X23: 1.5 | Y23: 0.5 | Z23: 1.17 | AA23: 46.7 | AB23: 1472
G24: =SUM(G13:G23) -> 47
A26: Gaillardet et al 1999
B27: yr—1 ) | C27: yr—1) | D27: yr—1) | E27: yr—1) | F27: X10^9 | G27: yr—1) | H27: yr—1) | I27: yr—1) | J27: yr—1) | M27: yr—1) | V27: Goldsmith et al. 2008
A28: Amazon | B28: 79.7 | C28: 13.2 | D28: 128 | E28: 320 | F28: =E28*(10^9) -> 320000000000 | G28: 67.7 | H28: 644 | I28: 6 | J28: 0 | K28: 153 | L28: 25 | M28: 158 | V28: River | W28: Mean annual flow (m³/s) | Y28: km3/yr
A29: Changjiang | B29: 9.5 | C29: 2.5 | D29: 29 | E29: 107 | F29: =E29*(10^9) -> 107000000000 | G29: 101 | H29: 997 | I29: 7 | J29: 0 | K29: 118 | L29: 65 | M29: 611 | V29: Waitara (DS) | W29: 34 | Y29: =W29*0.031556952 -> 1.0729364 | AA29: Waitara (ds) | AC29: 1.0729364
A30: Mississippi | B30: 11.4 | C30: 5.1 | D30: 60 | E30: 199 | F30: =E30*(10^9) -> 199000000000 | G30: 48.1 | H30: 436 | I30: 13 | J30: 44 | K30: 72 | L30: 24 | M30: 228 | V30: Manganui (DS) | W30: 19.1 | Y30: =W30*0.031556952 -> 0.60273778 | AA30: Manganui (ds) | AC30: 0.60273778
A31: Irrawady | B31: 29.5 | C31: 17.1 | D31: 165 | E31: 832 | F31: =E31*(10^9) -> 832000000000 | G31: 2.6 | H31: 24 | I31: 19 | J31: 67 | K31: 51 | L31: 125 | M31: 2250 | V31: Manganui (US) | W31: 1.5 | Y31: =W31*0.031556952 -> 0.047335428 | AA31: Manganui (us) | AC31: 0.047335428
A32: Ganges | B32: 14.7 | C32: 8.3 | D32: 130 | E32: 471 | F32: =E32*(10^9) -> 471000000000 | G32: 24.4 | H32: 236 | I32: 5 | J32: 19 | K32: 44 | L32: 42 | M32: 692 | V32: Waipuku | W32: — (no long-term gauge) | AA32: Mangamawhete | AC32: 0.018934171
A33: Yenisei | B33: 9.7 | C33: 3.2 | D33: 30 | E33: 169 | F33: =E33*(10^9) -> 169000000000 | G33: 22.1 | H33: 207 | I33: 8 | J33: 0 | K33: 40 | L33: 16 | M33: 145 | V33: Mangamawhete | W33: 0.6 | Y33: =W33*0.031556952 -> 0.018934171 | AA33: Waingongoro (us) | AC33: 0.088359466
A34: Mackenzie | B34: 3.2 | C34: 1.6 | D34: 19 | E34: 61 | F34: =E34*(10^9) -> 61000000000 | G34: 26.7 | H34: 242 | I34: 5 | J34: 11 | K34: 35 | L34: 19 | M34: 176 | V34: Waingongoro (US) | W34: 2.8 | Y34: =W34*0.031556952 -> 0.088359466 | AA34: Waingongoro (ds) | AC34: 0.22089866
A35: St. Lawrence | B35: 1.9 | C35: 0.8 | D35: 9 | E35: 28 | F35: =E35*(10^9) -> 28000000000 | G35: 26.5 | H35: 251 | I35: 5 | J35: 17 | K35: 33 | L35: 33 | M35: 290 | V35: Waingongoro (DS) | W35: 7 | Y35: =W35*0.031556952 -> 0.22089866 | AA35: Patea (us) | AC35: 0.16409615
A36: Lena | B36: 5.4 | C36: 1.7 | D36: 19 | E36: 86 | F36: =E36*(10^9) -> 86000000000 | G36: 20.5 | H36: 187 | I36: 9 | J36: 0 | K36: 35 | L36: 14 | M36: 110 | V36: Patea (US) | W36: 5.2 | Y36: =W36*0.031556952 -> 0.16409615 | AA36: Waitara (us) | AC36: 0.73527698
A37: Xijiang | B37: 4 | C37: 0.7 | D37: 9 | E37: 24 | F37: =E37*(10^9) -> 24000000000 | G37: 30.2 | H37: 283 | I37: 2 | J37: 6 | K37: 36 | L37: 82 | M37: 715 | V37: Waitara (US) | W37: 23.3 | Y37: =W37*0.031556952 -> 0.73527698 | AA37: Kai-Iwi | AC37: 0.047335428
A38: Ob | B38: 2.4 | C38: 1 | D38: 11 | E38: 57 | F38: =E38*(10^9) -> 57000000000 | G38: 21.9 | H38: 217 | I38: 5 | J38: 26 | K38: 30 | L38: 10 | M38: 100 | V38: Waitotara | W38: — | AA38: Whanganui | AC38: 6.7531877
A39: Brahmaputra | B39: 6 | C39: 1.5 | D39: 19 | E39: 87 | F39: =E39*(10^9) -> 87000000000 | G39: 20.5 | H39: 199 | I39: 0 | J39: 0 | K39: 27 | L39: 46 | M39: 493 | V39: Kai-Iwi | W39: 1.5 | Y39: =W39*0.031556952 -> 0.047335428 | AA39: Whangaehu | AC39: 1.2559667
A40: Parana | B40: 13.9 | C40: 3.4 | D40: 69 | E40: 263 | F40: =E40*(10^9) -> 263000000000 | G40: 4.2 | H40: 51 | I40: 7 | J40: 31 | K40: 26 | L40: 9 | M40: 124 | V40: Maikirikiri | W40: — | AA40: Rangitikei | AC40: 1.988088
A41: Mekong | B41: 11.4 | C41: 4.9 | D41: 57 | E41: 194 | F41: =E41*(10^9) -> 194000000000 | G41: 44.3 | H41: 409 | I41: 17 | J41: 65 | K41: 72 | L41: 91 | M41: 839 | V41: Upokongaro | W41: — | AA41: Otaki | AC41: 1.0098225
A42: Congo–Zaire | B42: 15.6 | C42: 3.1 | D42: 34 | E42: 201 | F42: =E42*(10^9) -> 201000000000 | G42: 6.2 | H42: 51 | I42: 1 | J42: 0 | K42: 22 | L42: 6 | M42: 68 | V42: Whanganui | W42: 214 | Y42: =W42*0.031556952 -> 6.7531877
A43: Rhine | B43: 0.7 | C43: 0.3 | D43: 5 | E43: 14 | F43: =E43*(10^9) -> 14000000000 | G43: 10.3 | H43: 108 | I43: 1 | J43: 0 | K43: 12 | L43: 53 | M43: 542 | V43: Whangaehu | W43: 39.8 | Y43: =W43*0.031556952 -> 1.2559667
A44: Yukon | B44: 2.7 | C44: 0.9 | D44: 13 | E44: 29 | F44: =E44*(10^9) -> 29000000000 | G44: 17.3 | H44: 164 | I44: 0 | J44: 0 | K44: 20 | L44: 24 | M44: 227 | V44: Rangitikei | W44: 63 | Y44: =W44*0.031556952 -> 1.988088
A45: Orinoco | B45: 10.5 | C45: 2.5 | D45: 29 | E45: 76 | F45: =E45*(10^9) -> 76000000000 | G45: 6 | H45: 55 | I45: 0 | J45: 0 | K45: 16 | L45: 15 | M45: 119 | V45: Otaki | W45: 32 | Y45: =W45*0.031556952 -> 1.0098225
A46: Magdalena | B46: 3.6 | C46: 0.5 | D46: 7 | E46: 15 | F46: =E46*(10^9) -> 15000000000 | G46: 8.7 | H46: 82 | I46: 7 | J46: 33 | K46: 19 | L46: 81 | M46: 554
A47: Columbia | B47: 4.6 | C47: 1.9 | D47: 30 | E47: 61 | F47: =E47*(10^9) -> 61000000000 | G47: 9.8 | H47: 90 | I47: 1 | J47: 5 | K47: 16 | L47: 23 | M47: 233
A48: Indus | B48: 3.5 | C48: 1.6 | D48: 19 | E48: 54 | F48: =E48*(10^9) -> 54000000000 | G48: 6.6 | H48: 59 | I48: 6 | J48: 21 | K48: 16 | L48: 18 | M48: 146
A49: Don | B49: 6 | C49: 4.4 | D49: 55 | E49: 48 | F49: =E49*(10^9) -> 48000000000 | G49: 2.6 | H49: 23 | I49: 0 | J49: 0 | K49: 9 | L49: 20 | M49: 169
A50: Nelson | B50: 1.4 | C50: 0.9 | D50: 10 | E50: 43 | F50: =E50*(10^9) -> 43000000000 | G50: 7.2 | H50: 65 | I50: 4 | J50: 15 | K50: 12 | L50: 11 | M50: 109
A51: N. Dvina | B51: 0.7 | C51: 0.3 | D51: 4 | E51: 9 | F51: =E51*(10^9) -> 9000000000 | G51: 8 | H51: 69 | I51: 1 | J51: 3 | K51: 10 | L51: 28 | M51: 232 | V51: Frondini 2008
A52: Amur | B52: 2.2 | C52: 1.1 | D52: 13 | E52: 33 | F52: =E52*(10^9) -> 33000000000 | G52: 7.2 | H52: 64 | I52: 1 | J52: 3 | K52: 10 | L52: 6 | M52: 54 | V52: Season | W52: Basin | X52: Sub-basin | Y52: Runoff (L s-1 km-2) | Z52: Solute Flux (t km-2 y-1) | AA52: Weathering Rate (t km-2 y-1) | AB52: FCO2-Short (mol km-2 y-1) | AC52: FCO2-Short (t km-2 y-1) | AD52: FCO2-Long (mol km-2 y-1) | AE52: FCO2-Long (t km-2 y-1)
A53: Huanghe | B53: 2.6 | C53: 1.6 | D53: 19 | E53: 62 | F53: =E53*(10^9) -> 62000000000 | G53: 3.5 | H53: 30 | I53: 5 | J53: 17 | K53: 11 | L53: 15 | M53: 144 | V53: 42552 | W53: Arrestra | X53: Arrestra 1 | Y53: 1.7 | Z53: 8.1 | AA53: 2.9 | AB53: 596000 | AC53: 2.6 | AD53: 22500 | AE53: 1
A54: Rhone | B54: 0.4 | C54: 0.1 | D54: 1.4 | E54: 4.7 | F54: =E54*(10^9) -> 4700000000 | G54: 8.4 | H54: 74 | I54: 2 | J54: 3 | K54: 10 | L54: 109 | M54: 856 | V54: 42552 | W54: Arrestra | X54: Arrestra 2 | Y54: 21.3 | Z54: 66 | AA54: 19.5 | AB54: 5440000 | AC54: 24 | AD54: 272000 | AE54: 12
A55: Shatt el Arab | B55: 2 | C55: 1.2 | D55: 14 | E55: 37 | F55: =E55*(10^9) -> 37000000000 | G55: 5.7 | H55: 49 | I55: 0 | J55: 0 | K55: 8 | L55: 14 | M55: 157 | V55: 42552 | W55: Arrestra | X55: Arrestra 3 | Y55: 8.3 | Z55: 79.9 | AA55: 30.3 | AB55: 584000 | AC55: 25.7 | AD55: 230000 | AE55: 10.1 | AG55: Season | AH55: Basin | AI55: Sub-basin | AJ55: Runoff (L s-1 km-2) | AK55: runoff mm yr
A56: Hong He | B56: 3.3 | C56: 1.5 | D56: 17 | E56: 82 | F56: =E56*(10^9) -> 82000000000 | G56: 3.8 | H56: 36 | I56: 2 | J56: 10 | K56: 9 | L56: 78 | M56: 1062 | V56: 42552 | W56: Arrestra | X56: Weighted mean | Y56: 7.5 | Z56: 34.6 | AA56: 11.8 | AB56: 268000 | AC56: 11.8 | AD56: 119000 | AE56: 5.2 | AG56: 42552 | AH56: Arrestra | AI56: Weighted mean | AJ56: 7.5 | AK56: =AJ56*31.56 -> 236.7
A57: Po | B57: 1 | C57: 0.6 | D57: 7 | E57: 16 | F57: =E57*(10^9) -> 16000000000 | G57: 6.6 | H57: 58 | I57: 1 | J57: 4 | K57: 9 | L57: 126 | M57: 1119 | V57: 42552 | W57: Teiro | X57: Teiro 1 | Y57: 15.5 | Z57: 61.5 | AA57: 27 | AB57: 384000 | AC57: 16.9 | AD57: 85300 | AE57: 3.8 | AG57: 42552 | AH57: Teiro | AI57: Weighted mean | AJ57: 7.5 | AK57: =AJ57*31.56 -> 236.7
A58: Fly | B58: 2.4 | C58: 0.9 | D58: 17 | E58: 49 | F58: =E58*(10^9) -> 49000000000 | G58: 6.7 | H58: 66 | I58: 0 | J58: 0 | K58: 9 | L58: 149 | M58: 1884 | V58: 42552 | W58: Teiro | X58: Teiro 2 | Y58: 2.1 | Z58: 15.1 | AA58: 5.5 | AB58: 95600 | AC58: 4.2 | AD58: 35500 | AE58: 1.6 | AG58: 42552 | AH58: Orba | AI58: Weighted mean | AJ58: 6.8 | AK58: =AJ58*31.56 -> 214.608
A59: Tocantins | B59: 5.7 | C59: 1 | D59: 11 | E59: 87 | F59: =E59*(10^9) -> 87000000000 | G59: 1.6 | H59: 15 | I59: 0 | J59: 0 | K59: 7 | L59: 10 | M59: 135 | V59: 42552 | W59: Teiro | X59: Teiro 3 | Y59: 10.9 | Z59: 82.8 | AA59: 31.3 | AB59: 535000 | AC59: 23.5 | AD59: 185000 | AE59: 8.1 | AG59: 42826 | AH59: Arrestra | AI59: Weighted mean | AJ59: 25 | AK59: =AJ59*31.56 -> 789
A60: Dnepr | B60: 0.9 | C60: 0.5 | D60: 6 | E60: 21 | F60: =E60*(10^9) -> 21000000000 | G60: 5.9 | H60: 55 | I60: 0 | J60: 0 | K60: 7 | L60: 13 | M60: 150 | V60: 42552 | W60: Teiro | X60: Weighted mean | Y60: 7.5 | Z60: 48.6 | AA60: 18.9 | AB60: 324000 | AC60: 14.3 | AD60: 108000 | AE60: 4.8 | AG60: 42826 | AH60: Teiro | AI60: Weighted mean | AJ60: 30 | AK60: =AJ60*31.56 -> 946.8
A61: Sepik | B61: 3 | C61: 1.2 | D61: 22 | E61: 72 | F61: =E61*(10^9) -> 72000000000 | G61: 3.8 | H61: 36 | I61: 0 | J61: 0 | K61: 7 | L61: 87 | M61: 1378 | V61: 42552 | W61: Orba | X61: Orba 1 | Y61: 15 | Z61: 23.7 | AA61: 8.5 | AB61: 151000 | AC61: 6.6 | AD61: 60200 | AE61: 2.6 | AG61: 42826 | AH61: Orba | AI61: Weighted mean | AJ61: 21.6 | AK61: =AJ61*31.56 -> 681.696
A62: Nile | B62: 2.9 | C62: 1.8 | D62: 21 | E62: 64 | F62: =E62*(10^9) -> 64000000000 | G62: 1.2 | H62: 11 | I62: 0 | J62: 0 | K62: 4 | L62: 1 | M62: 26 | V62: 42552 | W62: Orba | X62: Orba 2 | Y62: 7 | Z62: 17.2 | AA62: 5.4 | AB62: 128000 | AC62: 5.6 | AD62: 61000 | AE62: 2.7
A63: Narmada | B63: 3.5 | C63: 2.3 | D63: 29 | E63: 95 | F63: =E63*(10^9) -> 95000000000 | G63: 0.8 | H63: 9.5 | I63: 0 | J63: 0 | K63: 4 | L63: 43 | M63: 1026 | V63: 42552 | W63: Orba | X63: Orba 3 | Y63: 6.8 | Z63: 13.7 | AA63: 3.9 | AB63: 115000 | AC63: 5.1 | AD63: 55500 | AE63: 2.4
A64: Murray Darling | B64: 1 | C64: 0.6 | D64: 9 | E64: 25 | F64: =E64*(10^9) -> 25000000000 | G64: 0.6 | H64: 5.6 | I64: 0 | J64: 0 | K64: 2 | L64: 2 | M64: 29 | V64: 42552 | W64: Orba | X64: Orba 4 | Y64: 6.5 | Z64: 22.5 | AA64: 5.2 | AB64: 123000 | AC64: 5.4 | AD64: 58400 | AE64: 2.6
A65: Purari | B65: 2 | C65: 0.7 | D65: 12 | E65: 37 | F65: =E65*(10^9) -> 37000000000 | G65: 3.8 | H65: 37 | I65: 0 | J65: 0 | K65: 6 | L65: 189 | M65: 2428 | V65: 42552 | W65: Orba | X65: Weighted mean | Y65: 6.8 | Z65: 17.7 | AA65: 4.8 | AB65: 122000 | AC65: 5.4 | AD65: 58100 | AE65: 2.6
A66: Fraser | B66: 1.1 | C66: 0.3 | D66: 4 | E66: 9.4 | F66: =E66*(10^9) -> 9400000000 | G66: 4.7 | H66: 42 | I66: 0 | J66: 1 | K66: 6 | L66: 27 | M66: 238 | V66: 42826 | W66: Arrestra | X66: Arrestra 1 | Y66: 17.1 | Z66: 54.2 | AA66: 17.1 | AB66: 338000 | AC66: 14.9 | AD66: 142000 | AE66: 6.3
A67: Kolima | B67: 0.9 | C67: 0.3 | D67: 3 | E67: 29 | F67: =E67*(10^9) -> 29000000000 | G67: 3.2 | H67: 27 | I67: 1 | J67: 2 | K67: 5 | L67: 7 | M67: 88 | V67: 42826 | W67: Arrestra | X67: Arrestra 2 | Y67: 42.6 | Z67: 125 | AA67: 40 | AB67: 945000 | AC67: 41.6 | AD67: 471000 | AE67: 20.7
A68: Krishna | B68: 2.1 | C68: 1.4 | D68: 18 | E68: 41 | F68: =E68*(10^9) -> 41000000000 | G68: 1.2 | H68: 11 | I68: 0 | J68: 0 | K68: 3 | L68: 13 | M68: 197 | V68: 42826 | W68: Arrestra | X68: Arrestra 3 | Y68: 27.8 | Z68: 111.9 | AA68: 18.3 | AB68: 1120000 | AC68: 49.4 | AD68: 418000 | AE68: 18.4
A69: Pechora | B69: 0.4 | C69: 0.1 | D69: 2 | E69: 5.8 | F69: =E69*(10^9) -> 5800000000 | G69: 3.8 | H69: 37 | I69: 1 | J69: 4 | K69: 5 | L69: 16 | M69: 144 | V69: 42826 | W69: Arrestra | X69: Weighted mean | Y69: 25 | Z69: 81.2 | AA69: 22 | AB69: 591000 | AC69: 26 | AD69: 269000 | AE69: 11.8
A70: Niger | B70: 2.7 | C70: 0.4 | D70: 4.2 | E70: 35.5 | F70: =E70*(10^9) -> 35500000000 | G70: 2.5 | H70: 25 | I70: 0 | J70: 0 | K70: 5 | L70: 4 | M70: 50 | V70: 42826 | W70: Teiro | X70: Teiro 1 | Y70: 51.7 | Z70: 174.5 | AA70: 74.9 | AB70: 937000 | AC70: 41.2 | AD70: 245000 | AE70: 10.8
A71: Uruguay | B71: 3.2 | C71: 0.9 | D71: 18 | E71: 38.9 | F71: =E71*(10^9) -> 38900000000 | G71: 1.2 | H71: 11 | I71: 0 | J71: 1 | K71: 5 | L71: 20 | M71: 212 | V71: 42826 | W71: Teiro | X71: Teiro 2 | Y71: 4.3 | Z71: 11.1 | AA71: 1 | AB71: 83500 | AC71: 3.7 | AD71: 34800 | AE71: 1.5
A72: Kuskokwin | B72: 0.8 | C72: 0.2 | D72: 4 | E72: 12.3 | F72: =E72*(10^9) -> 12300000000 | G72: 3.9 | H72: 38 | I72: 0 | J72: 0 | K72: 5 | L72: 38 | M72: 408 | V72: 42826 | W72: Teiro | X72: Teiro 3 | Y72: 13.7 | Z72: 67.1 | AA72: 24 | AB72: 577000 | AC72: 25.4 | AD72: 171000 | AE72: 7.5
A73: Cauveri | B73: 2.4 | C73: 1.5 | D73: 18 | E73: 56 | F73: =E73*(10^9) -> 56000000000 | G73: 0.3 | H73: 2.4 | I73: 0 | J73: 0 | K73: 3 | L73: 31 | M73: 665 | V73: 42826 | W73: Teiro | X73: Weighted mean | Y73: 30 | Z73: 97.4 | AA73: 37.8 | AB73: 495000 | AC73: 21.8 | AD73: 189000 | AE73: 8.3
... A78: Limpopo | B78: 1.4 | C78: 0.7 | D78: 8 | E78: 42.4 | F78: =E78*(10^9) -> 42400000000 | G78: 1.1 | H78: 9.5 | I78: 0 | J78: 0 | K78: 3 | L78: 6 | M78: 118 | V78: 42826 | W78: Orba | X78: Weighted mean | Y78: 21.6 | Z78: 34.4 | AA78: 9.4 | AB78: 253000 | AC78: 11.1 | AD78: 113000 | AE78: 5
A79: World average | B79: 550 | C79: 200 | D79: 2500 | E79: 8700 | F79: =E79*(10^9) -> 8700000000000 | G79: 1290 | H79: 12 300 | I79: 290 | J79: 900 | K79: 2131 | L79: 24 | M79: 246
A83: Frondini et al 2019
A84: Drainage 1 2 Mean | E84: Minimum Elevation | F84: Maximum Elevation
A85: Basin | B85: Sub-Basin | C85: Area | D85: Elevation | V85: Gaillardet et al 2011
C86: km2 | D86: (m a.s.l) | E86: (m a.s.l) | F86: (m a.s.l) | V86: Island/Region | W86: River | X86: Longitude | Y86: Latitude | Z86: Runoff (mm/a) | AA86: Age (Ma) | AB86: Relief (m) | AC86: Surface area (km²) | AD86: pH | AE86: SiO2 (µM) | AF86: Cl (µM) | AG86: Clcrit (µM) | AH86: NO3 (µM) | AI86: SO4 (µM) | AJ86: HCO3 (µM) | AK86: Na (µM) | AL86: K (µM) | AM86: Mg (µM) | AN86: Ca (µM) | AO86: TDScat (mg/L) | AP86: CWR (t/km²/a) | AQ86: TDS (mg/L) | AR86: TWR (t/km²/a) | AS86: Φ (g/g) | AT86: TDShydr (mg/L) | AU86: TWRhyd (t/km²/a) | AV86: CO2 cons. (10³ mol/km²/a)
A87: Teiro | B87: Teiro 1 | C87: 2.9 | D87: 843 | E87: 370 | F87: 1287 | V87: Basse-Terre, Guadeloupe | W87: Gallion Riv. | X87: 61°41'35.2O | Y87: 16°00'24.0N | Z87: 4000 | AA87: 0.02 | AD87: n.d | AE87: 841 | AF87: 511 | AG87: 130 | AH87: 5.7 | AI87: 830 | AJ87: 278 | AK87: 590 | AL87: 73 | AM87: 314 | AN87: 690 | AO87: 47.9 | AP87: 192 | AQ87: 98 | AR87: 393 | AS87: 0.95 | AT87: 138 | AU87: 552 | AV87: 1112 | AW87: =AV87*10^3 -> 1112000
A88: Teiro | B88: Teiro 2 | C88: 14.6 | D88: 665 | E88: 100 | F88: 1287 | V88: Basse-Terre, Guadeloupe | W88: Riv. des Pères | X88: 61°44'21.3O | Y88: 16°00'38.4N | Z88: 3100 | AA88: 0.02 | AB88: 1410 | AC88: 25.2 | AD88: n.d | AE88: 751 | AF88: 302 | AG88: 150 | AH88: 43 | AI88: 493 | AK88: 475 | AL88: 38 | AM88: 195 | AN88: 452 | AO88: 31.2 | AP88: 97 | AQ88: 76 | AR88: 236 | AS88: 0.69 | AT88: 97 | AU88: 301 | AW88: =AV88*10^3 -> 0
A89: Teiro | B89: Teiro 3 | C89: 26.5 | D89: 487 | E89: 10 | F89: 1287 | V89: Basse-Terre, Guadeloupe | W89: Grande Anse Riv. | X89: 61°39'34.3O | Y89: 15°57'47.3N | Z89: 1700 | AD89: 7.65 | AE89: 557 | AF89: 313 | AG89: 300 | AH89: 72 | AI89: 75 | AJ89: 688 | AK89: 436 | AL89: 33 | AM89: 148 | AN89: 269 | AO89: 18.3 | AP89: 31 | AQ89: 52 | AR89: 88 | AS89: 0.55 | AT89: 54 | AU89: 92 | AV89: 1170 | AW89: =AV89*10^3 -> 1170000
A90: Arrestra | B90: Arrestra 1 | C90: 11.7 | D90: 741 | E90: 171 | F90: 1287 | V90: Basse-Terre, Guadeloupe | W90: Grand Carbet (second fall) | X90: 61°38'41.5O | Y90: 16°02'38.8N | Z90: 6000 | AA90: 0.03 | AB90: 1220 | AC90: 9.6 | AD90: 7.46 | AE90: 621 | AF90: 465 | AG90: 130 | AH90: 28 | AI90: 804 | AJ90: 256 | AK90: 500 | AL90: 58 | AM90: 302 | AN90: 588 | AO90: 40.9 | AP90: 224 | AQ90: 78 | AR90: 427 | AS90: 1.11 | AT90: 116 | AU90: 631 | AV90: 1386 | AW90: =AV90*10^3 -> 1386000
A91: Arrestra | B91: Arrestra 2 | C91: 4.7 | D91: 677 | E91: 139 | F91: 1145 | V91: Basse-Terre, Guadeloupe | W91: Baillif Riv. | X91: 61°44'46.9O | Y91: 16°01'21.7N | Z91: 1910 | AA91: 0.63 | AB91: 1065 | AC91: 6.88 | AD91: 7.5 | AE91: 244 | AF91: 245 | AG91: 200 | AH91: 37 | AI91: 35 | AJ91: 383 | AK91: 279 | AL91: 54 | AM91: 77 | AN91: 127 | AO91: 10.7 | AP91: 20 | AQ91: 25 | AR91: 48 | AS91: 0.73 | AT91: 28 | AU91: 53 | AV91: 732 | AW91: =AV91*10^3 -> 732000
A92: Arrestra | B92: Arrestra 3 | C92: 20 | D92: 632 | E92: 20 | F92: 1287 | V92: Basse-Terre, Guadeloupe | W92: Vieux Habitant Riv. | X92: 61°43'39.7O | Y92: 16°04'55.8N | Z92: 4800 | AA92: 0.55 | AB92: 1060 | AC92: 19.32 | AD92: 7.35 | AE92: 489 | AF92: 200 | AG92: 130 | AH92: 5.5 | AI92: 96 | AJ92: 368 | AK92: 271 | AL92: 14 | AM92: 73 | AN92: 151 | AO92: 11.4 | AP92: 55 | AQ92: 41 | AR92: 195 | AS92: 0.39 | AT92: 46 | AU92: 221 | AV92: 1768 | AW92: =AV92*10^3 -> 1768000
A93: Orba | B93: Orba 1 | C93: 0.2 | D93: 1137 | E93: 1081 | F93: 1198 | V93: Basse-Terre, Guadeloupe | W93: Beaugendre Riv. | X93: 61°45'27.1O | Y93: 16°05'13.8N | Z93: 1575 | AA93: 0.8 | AB93: 980 | AC93: 11.94 | AD93: 7.78 | AE93: 543 | AF93: 276 | AG93: 220 | AH93: 8.8 | AI93: 65 | AJ93: 733 | AK93: 441 | AL93: 25 | AM93: 95 | AN93: 265 | AO93: 18.6 | AP93: 29 | AQ93: 51 | AR93: 80.5 | AS93: 0.57 | AT93: 54 | AU93: 86 | AV93: 1156 | AW93: =AV93*10^3 -> 1156000
A94: Orba | B94: Orba 2 | C94: 10.7 | D94: 939 | E94: 730 | F94: 1287 | V94: Basse-Terre, Guadeloupe | W94: Losteau Riv. | X94: 61°46'04.1O | Y94: 16°09'39.8N | Z94: 1860 | AA94: 1.46 | AB94: 1004 | AC94: 8.28 | AD94: 7.85 | AE94: 500 | AF94: 346 | AG94: 250 | AH94: 6.3 | AI94: 93 | AJ94: 758 | AK94: 538 | AL94: 34 | AM94: 141 | AN94: 252 | AO94: 21 | AP94: 39 | AQ94: 51 | AR94: 95 | AS94: 0.73 | AT94: 57 | AU94: 106 | AV94: 1410 | AW94: =AV94*10^3 -> 1410000
A95: Orba | B95: Orba 3 | C95: 14.6 | D95: 915 | E95: 610 | F95: 1181 | V95: Basse-Terre, Guadeloupe | W95: Grande Plaine Riv. | X95: 61°45'39.2O | Y95: 16°12'33.6N | Z95: 2000 | AA95: 1.6 | AB95: 428 | AD95: 4.86 | AE95: 626 | AF95: 488 | AG95: 250 | AH95: 7.1 | AI95: 1032 | AJ95: 7 | AK95: 613 | AL95: 39 | AM95: 292 | AN95: 593 | AO95: 39.9 | AP95: 80 | AQ95: 78 | AR95: 155 | AS95: 1.06 | AT95: 119 | AU95: 237 | AV95: 14 | AW95: =AV95*10^3 -> 14000
A96: Orba | B96: Orba 4 | C96: 39.6 | D96: 919 | E96: 540 | F96: 1287 | V96: Basse-Terre, Guadeloupe | W96: Petite Plaine Riv. | X96: 61°47'01.5O | Y96: 16°13'18.7N | Z96: 1600 | AA96: 1.7 | AB96: 590 | AD96: n.d | AE96: 519 | AF96: 447 | AG96: 350 | AH96: 4.2 | AI96: 72 | AJ96: 1048 | AK96: 559 | AL96: 29 | AM96: 211 | AN96: 333 | AO96: 23.8 | AP96: 38 | AQ96: 55 | AR96: 88 | AS96: 0.76 | AT96: 61 | AU96: 96 | AV96: 1677 | AW96: =AV96*10^3 -> 1677000
V97: Basse-Terre, Guadeloupe | W97: Fenche Fougères Riv. | X97: 61°44'53.3O | Y97: 16°13'45.0N | Z97: 1500 | AA97: 1.7 | AB97: 622 | AD97: n.d | AE97: 604 | AF97: 415 | AG97: 350 | AI97: 470 | AJ97: 402 | AK97: 529 | AL97: 27 | AM97: 246 | AN97: 431 | AO97: 27.7 | AP97: 42 | AQ97: 64 | AR97: 96 | AS97: 0.76 | AT97: 81 | AU97: 121 | AV97: 603 | AW97: =AV97*10^3 -> 603000
V98: Basse-Terre, Guadeloupe | W98: Baille-Argent Riv. | X98: 61°48'01.0O | Y98: 16°15'37.4N | Z98: 1100 | AA98: 1.6 | AB98: 720 | AD98: 7.55 | AE98: 538 | AF98: 632 | AG98: 500 | AH98: 10.5 | AI98: 504 | AJ98: 303 | AK98: 743 | AL98: 47 | AM98: 247 | AN98: 343 | AO98: 26.5 | AP98: 29 | AQ98: 59 | AR98: 65 | AS98: 0.82 | AT98: 79 | AU98: 87 | AV98: 333 | AW98: =AV98*10^3 -> 333000
A99: Basin/ Runoff Sub-Basin | B99: Solute Flux | C99: Weathering Rate | D99: FCO2-Sh | E99: ort | F99: FCO2-Lo | G99: ng | V99: Basse-Terre, Guadeloupe | W99: Deshaies Riv. | X99: 61°47'37.7O | Y99: 16°18'13.4N | Z99: 1000 | AA99: 1.6 | AB99: 465 | AC99: 2.4 | AD99: 7.59 | AE99: 551 | AF99: 595 | AG99: 500 | AH99: 8.1 | AI99: 121 | AJ99: 328 | AK99: 665 | AL99: 47 | AM99: 125 | AN99: 119 | AO99: 13.1 | AP99: 13 | AQ99: 46 | AR99: 46 | AS99: 0.39 | AT99: 53 | AU99: 53 | AV99: 329 | AW99: =AV99*10^3 -> 329000
A100: L s−1 km−2 | B100: t km−2 y−1 | C100: t km−2 y−1 | D100: mol km−2 y−1 | E100: t km−2 y−1 | F100: mol km−2 y−1 | G100: t km−2 y−1 | V100: Basse-Terre, Guadeloupe | W100: Caillou Riv. | X100: 61°46'58.0O | Y100: 16°14'03.9N | Z100: 1200 | AA100: 1.65 | AB100: 706 | AD100: 7.76 | AE100: 594 | AF100: 600 | AG100: 500 | AH100: 15 | AI100: 169 | AJ100: 599 | AK100: 721 | AL100: 54 | AM100: 193 | AN100: 232 | AO100: 20.6 | AP100: 25 | AQ100: 56 | AR100: 68 | AS100: 0.57 | AT100: 64 | AU100: 77 | AV100: 719 | AW100: =AV100*10^3 -> 719000
A101: 42552 | V101: Basse-Terre, Guadeloupe | W101: Ferry Riv. | X101: 61°48'07.7O | Y101: 16°16'15.2N | Z101: 1040 | AA101: 1.72 | AB101: 683 | AC101: 4.73 | AD101: 7.34 | AE101: 614 | AF101: 596 | AG101: 500 | AH101: 3.3 | AI101: 191 | AJ101: 523 | AK101: 721 | AL101: 56 | AM101: 176 | AN101: 226 | AO101: 20.1 | AP101: 21 | AQ101: 57 | AR101: 59 | AS101: 0.54 | AT101: 66 | AU101: 68 | AV101: 544 | AW101: =AV101*10^3 -> 544000
A102: Arrestra | M102: 42552 | V102: Basse-Terre, Guadeloupe | W102: Vieux Fort Riv. | X102: 61°45'33.7O | Y102: 16°19'39.6N | Z102: 900 | AA102: 2.8 | AB102: 540 | AD102: 6.99 | AE102: 574 | AF102: 593 | AG102: 593 | AH102: 7.9 | AI102: 29 | AJ102: 436 | AK102: 633 | AL102: 44 | AM102: 125 | AN102: 99 | AO102: 9.2 | AP102: 8.3 | AQ102: 44 | AR102: 39 | AS102: 0.27 | AT102: 46 | AU102: 42 | AV102: 393 | AW102: =AV102*10^3 -> 393000
A103: Arrestra 1 1.7 | B103: 8.1 | C103: 2.9 | D103: 5.96 × 105 | E103: 2.6 | F103: 2.25 × 104 | G103: 1 | L103: Area | M103: long term CO2 mol km2 yr | V103: Basse-Terre, Guadeloupe | W103: Nogent Riv. | X103: 61°44'48.8O | Y103: 16°20'04.8N | Z103: 850 | AA103: 2.6 | AB103: 560 | AC103: 5.17 | AD103: n.d | AE103: 615 | AF103: 584 | AG103: 584 | AH103: 1.9 | AI103: 48 | AJ103: 426 | AK103: 650 | AL103: 32 | AM103: 134 | AN103: 126 | AO103: 10.6 | AP103: 9 | AQ103: 48 | AR103: 40 | AS103: 0.29 | AT103: 48 | AU103: 41 | AV103: 362 | AW103: =AV103*10^3 -> 362000
A104: Arrestra 2 21.3 | B104: 66 | C104: 19.5 | D104: 5.44 × 105 | E104: 24 | F104: 2.72 × 105 | G104: 12 | K104: Teiro | L104: =SUM(C87:C89) -> 44 | M104: =1.19*10^5 -> 119000 | V104: Basse-Terre, Guadeloupe | W104: Capesterre downstream | X104: 61°35'43.8O | Y104: 16°04'02.5N | Z104: 4933 | AA104: 0.42 | AB104: 1251 | AC104: 19.33 | AD104: 7.49 | AE104: 426 | AF104: 205 | AG104: 200 | AH104: 46 | AI104: 25 | AJ104: 401 | AK104: 262 | AL104: 16 | AM104: 78 | AN104: 153 | AO104: 9.8 | AP104: 48 | AQ104: 35 | AR104: 174 | AS104: 0.39 | AT104: 36 | AU104: 178 | AV104: 1977 | AW104: =AV104*10^3 -> 1977000
A105: Arrestra 3 8.3 | B105: 79.9 | C105: 30.3 | D105: 5.84 × 105 | E105: 25.7 | F105: 2.30 × 105 | G105: 10.1 | K105: Arrestra | L105: =SUM(C90:C92) -> 36.4 | M105: 108000 | V105: Basse-Terre, Guadeloupe | W105: Capesterre upstream (National Park) | X105: 61°33'58.5O | Y105: 16°03'25.4N | Z105: 5200 | AA105: 0.42 | AB105: 1132 | AC105: 16.56 | AD105: 8.05 | AE105: 436 | AF105: 186 | AG105: 156 | AH105: 38 | AI105: 26 | AJ105: 409 | AK105: 236 | AL105: 15 | AM105: 60 | AN105: 124 | AO105: 8.6 | AP105: 45 | AQ105: 35 | AR105: 181 | AS105: 0.33 | AT105: 36 | AU105: 189 | AV105: 2129 | AW105: =AV105*10^3 -> 2129000
A106: weighted 7.5 | B106: 34.6 | C106: 11.8 | D106: 2.68 × 105 | E106: 11.8 | F106: 1.19 × 105 | G106: 5.2 | K106: Orba | L106: =SUM(C93:C96) -> 65.1 | M106: 58100 | V106: Basse-Terre, Guadeloupe | W106: Capesterre at mouth | Z106: 4900 | AA106: 0.42 | AD106: n.d | AE106: 411 | AF106: 212 | AG106: 212 | AH106: 68 | AI106: 25 | AJ106: 452 | AK106: 254 | AL106: 31 | AM106: 90 | AN106: 195 | AO106: 11.8 | AP106: 58 | AQ106: 37 | AR106: 179 | AS106: 0.48 | AT106: 37 | AU106: 181 | AV106: 2215 | AW106: =AV106*10^3 -> 2215000
A107: Teiro | M107: 42826 | V107: Basse-Terre, Guadeloupe | W107: Perou Riv. (National Park) | X107: 61°36'43.9O | Y107: 16°03'29.8N | Z107: 4000 | AB107: 1169 | AC107: 9.33 | AD107: 7.43 | AE107: 434 | AF107: 157 | AG107: 140 | AH107: 6.7 | AI107: 45 | AJ107: 318 | AK107: 217 | AL107: 15.5 | AM107: 57 | AN107: 102 | AO107: 7.7 | AP107: 31 | AQ107: 34 | AR107: 135 | AS107: 0.3 | AT107: 36 | AU107: 142 | AV107: 1272 | AW107: =AV107*10^3 -> 1272000
A108: Teiro 1 15.5 | B108: 61.5 | C108: 27 | D108: 3.84 × 105 | E108: 16.9 | F108: 8.53 × 104 | G108: 3.8 | L108: Area | M108: long term CO2 mol km2 yr | V108: Basse-Terre, Guadeloupe | W108: Moreau Riv. | X108: 61°36'09.1O | Y108: 16°07'40.8N | Z108: 4500 | AA108: 0.66 | AB108: 1079 | AC108: 7.55 | AD108: 7.37 | AE108: 299 | AF108: 150 | AG108: 150 | AH108: 4.8 | AI108: 11 | AJ108: 278 | AK108: 188 | AL108: 7.7 | AM108: 43 | AN108: 85 | AO108: 5.4 | AP108: 24.5 | AQ108: 23 | AR108: 105 | AS108: 0.3 | AT108: 24 | AU108: 106 | AV108: 1251 | AW108: =AV108*10^3 -> 1251000
A109: Teiro 2 2.1 | B109: 15.1 | C109: 5.5 | D109: 9.56 × 104 | E109: 4.2 | F109: 3.55 × 104 | G109: 1.6 | K109: Teiro | L109: 44 | M109: 269000 | V109: Basse-Terre, Guadeloupe | W109: Rose Riv. | X109: 61°35'04.0O | Y109: 16°08'52.9N | Z109: 2825 | AA109: 0.7 | AD109: 7.53 | AE109: 292 | AF109: 205 | AG109: 205 | AH109: 8 | AI109: 13 | AJ109: 459 | AK109: 251 | AL109: 43 | AM109: 58 | AN109: 159 | AO109: 10.2 | AP109: 29 | AQ109: 28 | AR109: 79 | AS109: 0.7 | AT109: 28 | AU109: 79 | AV109: 1298 | AW109: =AV109*10^3 -> 1298000
A110: Teiro 3 10.9 | B110: 82.8 | C110: 31.3 | D110: 5.35 × 105 | E110: 23.5 | F110: 1.85 × 105 | G110: 8.1 | K110: Arrestra | L110: 36.4 | M110: 115000 | V110: Basse-Terre, Guadeloupe | W110: Lézarde Riv. at Clède | X110: 61°36'41.8O | Y110: 16°12'08.8N | Z110: 3750 | AA110: 0.8 | AB110: 749 | AC110: 8.37 | AD110: 7.04 | AE110: 310 | AF110: 174 | AG110: 174 | AI110: 13 | AJ110: 375 | AK110: 254 | AL110: 18 | AM110: 57 | AN110: 112 | AO110: 8.2 | AP110: 31 | AQ110: 27 | AR110: 101 | AS110: 0.44 | AT110: 27 | AU110: 101 | AV110: 1408 | AW110: =AV110*10^3 -> 1408000
A111: weighted 7.5 | B111: 48.6 | C111: 18.9 | D111: 3.24 × 105 | E111: 14.3 | F111: 1.08 × 105 | G111: 4.8 | K111: Orba | L111: 65.1 | M111: 80300 | V111: Basse-Terre, Guadeloupe | W111: Bras David Riv. at Maison Forêt | X111: 61°41'34.7O | Y111: 16°10'32.8N | Z111: 3000 | AA111: 0.9 | AB111: 972 | AC111: 11 | AD111: 7.3 | AE111: 397 | AF111: 238 | AG111: 238 | AI111: 24 | AJ111: 370 | AK111: 298 | AL111: 16 | AM111: 68 | AN111: 109 | AO111: 7.8 | AP111: 23 | AQ111: 32 | AR111: 92 | AS111: 0.32 | AT111: 32 | AU111: 93 | AV111: 1078 | AW111: =AV111*10^3 -> 1078000
A112: Orba | V112: Basse-Terre, Guadeloupe | W112: Grande Riv. à Goyave upstream | X112: 61°40'12.1O | Y112: 16°10'14.7N | Z112: 2950 | AA112: 0.9 | AD112: 7.73 | AE112: 324 | AF112: 189 | AG112: 189 | AH112: 9.2 | AI112: 16 | AJ112: 331 | AK112: 247 | AL112: 10 | AM112: 56 | AN112: 101 | AO112: 6.9 | AP112: 20 | AQ112: 26 | AR112: 78 | AS112: 0.36 | AT112: 27 | AU112: 78 | AV112: 978 | AW112: =AV112*10^3 -> 978000
A113: Orba 1 15.0 | B113: 23.7 | C113: 8.5 | D113: 1.51 × 105 | E113: 6.6 | F113: 6.02 × 104 | G113: 2.6 | V113: Basse-Terre, Guadeloupe | W113: Riv. à Sable | X113: 61°40'17.2O | Y113: 16°13'50.6N | Z113: 1600 | AD113: n.d | AE113: 371 | AF113: 311 | AG113: 311 | AH113: 0 | AI113: 21 | AJ113: 383 | AK113: 403 | AL113: 21 | AM113: 84 | AN113: 108 | AO113: 9 | AP113: 14.5 | AQ113: 31 | AR113: 50 | AS113: 0.4 | AT113: 31 | AU113: 50 | AV113: 613 | AW113: =AV113*10^3 -> 613000
A114: Orba 2 7.0 | B114: 17.2 | C114: 5.4 | D114: 1.28 × 105 | E114: 5.6 | F114: 6.10 × 104 | G114: 2.7 | V114: Basse-Terre, Guadeloupe | W114: Moustique Riv. at Sainte Rose | X114: 61°42'03.8O | Y114: 16°18'10.4N | Z114: 1850 | AA114: 1.5 | AB114: 587 | AC114: 6.26 | AD114: n.d | AE114: 490 | AF114: 346 | AG114: 331 | AH114: 5.5 | AI114: 39 | AJ114: 319 | AK114: 387 | AL114: 27 | AM114: 100 | AN114: 109 | AO114: 8.8 | AP114: 16 | AQ114: 38 | AR114: 71 | AS114: 0.3 | AT114: 39.5 | AU114: 73 | AV114: 590 | AW114: =AV114*10^3 -> 590000
A115: Orba 3 6.8 | B115: 13.7 | C115: 3.9 | D115: 1.15 × 105 | E115: 5.1 | F115: 5.55 × 104 | G115: 2.4 | V115: Martinique | W115: Claire Riv. | X115: 61°11'37.8O | Y115: 14°46'34.0N | Z115: 1500 | AA115: 0.05 | AD115: n.d | AE115: 1415 | AF115: 377 | AH115: 25.2 | AI115: 278 | AJ115: 1180 | AK115: 1021 | AL115: 99 | AM115: 208 | AN115: 313 | AV115: 1770 | AW115: =AV115*10^3 -> 1770000
A116: Orba 4 6.5 | B116: 22.5 | C116: 5.2 | D116: 1.23 × 105 | E116: 5.4 | F116: 5.84 × 104 | G116: 2.6 | V116: Martinique | W116: Macouba Riv. | X116: 61°08'54.6O | Y116: 14°52'19.8N | Z116: 1500 | AA116: 0.02 | AD116: n.d | AE116: 1121 | AF116: 451 | AG116: 300 | AH116: 168 | AI116: 74 | AJ116: 841 | AK116: 613 | AL116: 60 | AM116: 227 | AN116: 347 | AO116: 28.4 | AP116: 43 | AQ116: 96 | AR116: 144 | AS116: 0.42 | AT116: 103 | AU116: 154 | AV116: 1262 | AW116: =AV116*10^3 -> 1262000
A117: weighted 6.8 | B117: 17.7 | C117: 4.8 | D117: 1.22 × 105 | E117: 5.4 | F117: 5.81 × 104 | G117: 2.6 | V117: Martinique | W117: Carbet Riv. | X117: 61°07'43.8O | Y117: 14°43'54.9N | Z117: 2000 | AA117: 2 | AD117: n.d | AE117: 516 | AF117: 235 | AH117: 1.1 | AI117: 98 | AJ117: 705 | AK117: 232 | AL117: 11 | AM117: 57 | AN117: 81 | AV117: 1410 | AW117: =AV117*10^3 -> 1410000
A118: 42826 | V118: Martinique | W118: Alma Riv. | X118: 61°05'55.3O | Y118: 14°42'53.9N | Z118: 4300 | AA118: 1.5 | AD118: n.d | AE118: 449 | AF118: 229 | AG118: 229 | AI118: 17 | AJ118: 847 | AV118: 3642 | AW118: =AV118*10^3 -> 3642000
...

Sheet TO_CSV
A1: Location description | B1: location | C1: subgroup | D1: area_km2 | E1: co2_cons_mol_yr | F1: co2_cons_mol_km2_yr | G1: annual_discharge_km3_yr | H1: runoff_mm_yr
A2: Irrawady | C2: major | D2: 410000 | E2: 832000000000 | F2: 2029268.3 | G2: 486 | H2: 1185
A3: Purari | C3: major | D3: 30600 | E3: 37000000000 | F3: 1209150.3 | G3: 84.13 | H3: 2749
A4: Narmada | C4: major | D4: 102000 | E4: 95000000000 | F4: 931372.55 | G4: 39 | H4: 382
A5: Sepik | C5: major | D5: 78700 | E5: 72000000000 | F5: 914866.58 | G5: 120 | H5: 1525
A6: Rhone | C6: major | D6: 95600 | E6: 4700000000 | F6: 49163.18 | G6: 54 | H6: 565
A7: Cauveri | C7: major | D7: 88000 | E7: 56000000000 | F7: 636363.64 | G7: 21 | H7: 239
A8: Ganges | C8: major | D8: 1050000 | E8: 471000000000 | F8: 448571.43 | G8: 493 | H8: 470
A9: Wisla | C9: major | D9: 198000 | G9: 32.5 | H9: 164
A10: Rhine | C10: major | D10: 224000 | E10: 14000000000 | F10: 62500 | G10: 69.4 | H10: 310
A11: Brahmaputra | C11: major | D11: 580000 | E11: 87000000000 | F11: 150000 | G11: 510 | H11: 879
A12: Magdalena | C12: major | D12: 235000 | E12: 15000000000 | F12: 63829.787 | G12: 237 | H12: 1009
A13: Danube | C13: major | D13: 817000 | G13: 207 | H13: 253
A14: Xijiang | C14: major | D14: 437000 | E14: 24000000000 | F14: 54919.908 | G14: 363 | H14: 831
A15: Weser | C15: major | D15: 46000 | G15: 10.6 | H15: 230
A16: Kikori | C16: major | D16: 13200 | E16: 2500000000 | F16: 189393.94 | G16: 40.06 | H16: 3035
A17: Uruguay | C17: major | D17: 240000 | E17: 38900000000 | F17: 162083.33 | G17: 145 | H17: 604
A18: Krishna | C18: major | D18: 259000 | E18: 41000000000 | F18: 158301.16 | G18: 30 | H18: 116
A19: N. Dvina | C19: major | D19: 348000 | E19: 9000000000 | F19: 25862.069 | G19: 110 | H19: 316
A20: Kuskokwin | C20: major | D20: 123000 | E20: 12300000000 | F20: 100000 | G20: 59.9 | H20: 487
A21: Limpopo | C21: major | D21: 440000 | E21: 42400000000 | F21: 96363.636 | G21: 26 | H21: 59
A22: Ob | C22: major | D22: 2990000 | E22: 57000000000 | F22: 19063.545 | G22: 404 | H22: 135
A23: Salween | C23: major | D23: 325000 | G23: 211 | H23: 649
A24: Don | C24: major | D24: 420000 | E24: 48000000000 | F24: 114285.71 | G24: 28.9 | H24: 69
A25: Parana | C25: major | D25: 2780000 | E25: 263000000000 | F25: 94604.317 | G25: 568 | H25: 204
A26: Columbia | C26: major | D26: 669000 | E26: 61000000000 | F26: 91180.867 | G26: 236 | H26: 353
A27: Mississippi | C27: major | D27: 2980000 | E27: 199000000000 | F27: 66778.523 | G27: 580 | H27: 195
A28: Huanghe | C28: major | D28: 752000 | E28: 62000000000 | F28: 82446.809 | G28: 41 | H28: 55
A29: Changjiang | C29: major | D29: 1810000 | E29: 107000000000 | F29: 59116.022 | G29: 928 | H29: 513
A30: Orinoco | C30: major | D30: 1100000 | E30: 76000000000 | F30: 69090.909 | G30: 1135 | H30: 1032
A31: Nelson | C31: major | D31: 1130000 | E31: 43000000000 | F31: 38053.097 | G31: 89.3 | H31: 79
A32: Amazon | C32: major | D32: 6110000 | E32: 320000000000 | F32: 52373.159 | G32: 6590 | H32: 1078
A33: Mackenzie | C33: major | D33: 1790000 | E33: 61000000000 | F33: 34078.212 | G33: 308 | H33: 172
A34: Indus | C34: major | D34: 916000 | E34: 54000000000 | F34: 58951.965 | G34: 90 | H34: 98
A35: Kolima | C35: major | D35: 660000 | E35: 29000000000 | F35: 43939.394 | G35: 132 | H35: 200
... A47: Mekong | C47: major | D47: 795000 | E47: 194000000000 | F47: 244025.16 | G47: 467 | H47: 587
A48: Godavari | C48: major | D48: 313000 | G48: 105 | H48: 335
A49: Seine | C49: major | D49: 78600 | E49: 1000000000 | F49: 12722.646 | G49: 12.9 | H49: 164
A50: Amur | C50: major | D50: 1860000 | E50: 33000000000 | F50: 17741.935 | G50: 344 | H50: 185
A51: Congo–Zaire | C51: major | D51: 3700000 | E51: 201000000000 | F51: 54324.324 | G51: 1200 | H51: 324
A52: Zambese | C52: major | D52: 1330000 | E52: 9200000000 | F52: 6917.2932 | G52: 103 | H52: 77
A53: Hong He | C53: major | D53: 120000 | E53: 82000000000 | F53: 683333.33 | G53: 123 | H53: 1025
A54: Po | C54: major | D54: 70000 | E54: 16000000000 | F54: 228571.43 | G54: 46.7 | H54: 667
A55: Fly | C55: major | D55: 61000 | E55: 49000000000 | F55: 803278.69 | G55: 141 | H55: 2311
A56: Elbe | C56: major | D56: 148000 | G56: 22.8 | H56: 154
A57: Tocantins | C57: major | D57: 757000 | E57: 87000000000 | F57: 114927.34 | G57: 372 | H57: 491
A58: Dnepr | C58: major | D58: 504000 | E58: 21000000000 | F58: 41666.667 | G58: 54 | H58: 103
A59: Panuco | C59: major | D59: 66300 | G59: 17.3 | H59: 261
A60: Mahanadi | C60: major | D60: 132000 | G60: 66 | H60: 500
A61: Odra | C61: major | D61: 112000 | G61: 18.3 | H61: 163
A62: Ebro | C62: major | D62: 84000 | G62: 17.4 | H62: 207
A63: Nemanus | C63: major | D63: 98200 | G63: 19.6 | H63: 200
A64: Zambales and Angat | B64: Philippines | C64: ultramafic | D64: 930 | E64: 5570000000 | F64: 5990000 | G64: 2361270 | H64: 2539
A65: Volcanic, all | B65: Philippines | C65: volcanic | D65: 5618 | E65: 22590000000 | F65: 3580000 | G65: 11831508 | H65: 2106
A66: Monte del Estado | B66: Puerto Rico | C66: ultramafic | D66: 47 | F66: 1590509.9 | G66: 48880 | H66: 1040
A67: Ultramafics | B67: All | C67: total | D67: 945000 | E67: 749811810000 | F67: 793451.65
A68: Geneva River (ds) | B68: Dominica | C68: basalt | D68: 21 | E68: 21420000 | F68: 1020000 | G68: 34692 | H68: 1652
A69: Rosalie River | B69: Dominica | C69: basalt | D69: 31 | E69: 47120000 | F69: 1520000 | G69: 91450 | H69: 2950
A70: La Ronde River | B70: Dominica | C70: basalt | D70: 3 | E70: 1719000 | F70: 573000 | G70: 4731 | H70: 1577
A71: Mahaut River | B71: Dominica | C71: basalt | D71: 0.8 | E71: 152000 | F71: 190000 | G71: 452 | H71: 565
A72: Layou | B72: Dominica | C72: basalt | D72: 70 | E72: 110600000 | F72: 1580000 | G72: 175770 | H72: 2511
A73: St. Joseph's River | B73: Dominica | C73: basalt | D73: 3.4 | E73: 2363000 | F73: 695000 | G73: 632.4 | H73: 186
A74: Bateli River | B74: Dominica | C74: basalt | D74: 12 | E74: 4272000 | F74: 356000 | G74: 10620 | H74: 885
A75: Dublanc | B75: Dominica | C75: basalt | D75: 6.5 | E75: 5921500 | F75: 911000 | G75: 11459.5 | H75: 1763
A76: Blenheim River | B76: Dominica | C76: basalt | D76: 18 | E76: 25380000 | F76: 1410000 | G76: 37836 | H76: 2102
A77: Hampstead River | B77: Dominica | C77: basalt | D77: 20 | E77: 17320000 | F77: 866000 | G77: 63200 | H77: 3160
A78: Pagua River (ds) | B78: Dominica | C78: basalt | D78: 25 | E78: 13300000 | F78: 532000 | G78: 36800 | H78: 1472
A79: Waitara (ds) | B79: New Zealand | C79: volcanic | D79: 705 | E79: 600660000 | F79: 852000 | G79: 1.0729364 | H79: 1521.8956
... A91: Otaki | B91: New Zealand | C91: volcanic | D91: 305 | E91: 266875000 | F91: 875000 | G91: 1.0098225 | H91: 3310.8933
A92: Guadeloupe (area from Wiki) | B92: Lesser Antilles | C92: basalt | D92: 1628 | E92: 2279200000 | F92: 1400000
A93: Martinique (area from Wiki) | B93: Lesser Antilles | C93: basalt | D93: 1128 | E93: 1240800000 | F93: 1100000
A94: Kolar | B94: Deccan Traps | C94: basalt | F94: 1350000
A95: Ganjal | B95: Deccan Traps | C95: basalt | F95: 1500000
A96: Machak | B96: Deccan Traps | C96: basalt | F96: 2540000
A97: Khagni | B97: Deccan Traps | C97: basalt | F97: 1110000
A98: Chotatawa | B98: Deccan Traps | C98: basalt | F98: 1470000
A99: Tapti | B99: Deccan Traps | C99: basalt | F99: 1320000
A100: Purna | B100: Deccan Traps | C100: basalt | F100: 1000000
A101: Bori | B101: Deccan Traps | C101: basalt | F101: 1640000
A102: Tapti | B102: Deccan Traps | C102: basalt | F102: 1410000
A103: Aranawati | B103: Deccan Traps | C103: basalt | F103: 1280000
A104: Aner | B104: Deccan Traps | C104: basalt | F104: 1710000
A105: Wagurr | B105: Deccan Traps | C105: basalt | F105: 770000
... A112: Pench | B112: Deccan Traps | C112: basalt | F112: 950000
A113: Deccan Trap mean | B113: Deccan Traps | C113: basalt | D113: 500000 | E113: 630000000000 | F113: 1260000 | G113: 231.5 | H113: 463
A114: Preto River Basin, Parana flood basalts | B114: Brazil | C114: basalt | D114: 346 | E114: 138400000 | F114: 400000 | G114: 0.19549 | H114: 565
A115: Bras de Cilaos | B115: Reunion Is. | C115: basalt | D115: 95 | E115: 142500000 | F115: 1500000 | G115: 0.060325 | H115: 635
A116: Riviere du Mat | B116: Reunion Is. | C116: basalt | D116: 145 | E116: 319000000 | F116: 2200000 | G116: 0.1885 | H116: 1300
A117: Riviere des Galets | B117: Reunion Is. | C117: basalt | D117: 114 | E117: 239400000 | F117: 2100000 | G117: 0.1425 | H117: 1250
A118: Rivere Langevin | B118: Reunion Is. | C118: basalt | D118: 33 | E118: 69300000 | F118: 2100000 | G118: 0.08151 | H118: 2470
A119: Riviere de I'Est | B119: Reunion Is. | C119: basalt | D119: 32 | E119: 140800000 | F119: 4400000 | G119: 0.22592 | H119: 7060
A120: Rivere des Marsouins | B120: Reunion Is. | C120: basalt | D120: 109 | E120: 141700000 | F120: 1300000 | G120: 0.20492 | H120: 1880
A121: Ethiopia | C121: basalt | D121: 807000 | E121: 121000000000 | F121: 150000 | G121: 104.103 | H121: 129
A122: Siberia | C122: basalt | D122: 796000 | E122: 53000000000 | F122: 66600 | G122: 319.992 | H122: 402
A123: Parana | C123: basalt | D123: 568000 | E123: 318000000000 | F123: 560000 | G123: 282.864 | H123: 498
A124: SE Asia/Indonesia | C124: basalt | D124: 538000 | E124: 1030000000000 | F124: 1920000 | G124: 738.136 | H124: 1372
A125: Deccan | C125: basalt | D125: 532000 | E125: 392000000000 | F125: 737000 | G125: 225.568 | H125: 424
A126: Japan/E Russia | C126: basalt | D126: 373000 | E126: 151000000000 | F126: 405000 | G126: 272.663 | H126: 731
A127: Australia/Tasmania | C127: basalt | D127: 327000 | E127: 47000000000 | F127: 144000 | G127: 57.552 | H127: 176
A128: Central America | C128: basalt | D128: 309000 | E128: 356000000000 | F128: 1150000 | G128: 235.767 | H128: 763
...
